Rank;Sourceid;Title;Type;Issn;Publisher;Open Access;Open Access Diamond;SJR;SJR Best Quartile;H index;Total Docs. (2025);Total Docs. (3years);Total Refs.;Total Citations (3years);Citable Docs. (3years);Citations / Doc. (2years);Ref. / Doc.;%Female;Overton;Country;Region;Publisher;Coverage;Categories;Areas
1;21100863710;"Annual Review of Organizational Psychology and Organizational Behavior";journal;"23270608";"Annual Reviews Inc.";No;No;16,778;Q1;98;17;60;2158;3203;57;62,83;126,94;51,43;3;United States;Northern America;"Annual Reviews Inc.";"2014-2025";"Applied Psychology (Q1); Organizational Behavior and Human Resource Management (Q1); Social Psychology (Q1)";"Business, Management and Accounting; Psychology"
2;19900191906;"Academy of Management Annals";journal;"19416520, 19416067";"Academy of Management";No;No;14,367;Q1;132;25;69;6382;1585;66;20,04;255,28;31,51;0;United States;Northern America;"Academy of Management";"2007, 2010-2025";"Business and International Management (Q1); Organizational Behavior and Human Resource Management (Q1)";"Business, Management and Accounting"
3;22330;"Organizational Research Methods";journal;"15527425, 10944281";"SAGE Publications Inc.";No;No;14,268;Q1;158;30;78;2819;2340;76;24,86;93,97;38,20;2;United States;Northern America;"SAGE Publications Inc.";"1998-2026";"Decision Sciences (miscellaneous) (Q1); Management of Technology and Innovation (Q1); Strategy and Management (Q1)";"Business, Management and Accounting; Decision Sciences"
4;22951;"Journal of Marketing";journal;"15477185, 00222429";"American Marketing Association";No;No;12,226;Q1;309;62;152;4823;3058;145;13,62;77,79;41,11;1;United States;Northern America;"American Marketing Association";"1939, 1941, 1956, 1958-1959, 1969-1981, 1984-1991, 1993-2026";"Business and International Management (Q1); Economics and Econometrics (Q1); Marketing (Q1)";"Business, Management and Accounting; Economics, Econometrics and Finance"
5;20191;"Academy of Management Journal";journal;"00014273";"Academy of Management";No;No;10,781;Q1;410;44;211;4516;3090;197;13,65;102,64;41,96;1;United States;Northern America;"Academy of Management";"1961, 1966-1968, 1973, 1975-2025";"Business and International Management (Q1); Business, Management and Accounting (miscellaneous) (Q1); Management of Technology and Innovation (Q1); Strategy and Management (Q1)";"Business, Management and Accounting"
6;20206;"Academy of Management Review";journal;"03637425";"Academy of Management";No;No;9,996;Q1;334;49;134;4387;1683;123;10,87;89,53;27,96;3;United States;Northern America;"Academy of Management";"1976-1991, 1993-2025";"Business, Management and Accounting (miscellaneous) (Q1); Management of Technology and Innovation (Q1); Strategy and Management (Q1)";"Business, Management and Accounting"
7;23714;"Marketing Science";journal;"07322399, 1526548X";"INFORMS Institute for Operations Research and the Management Sciences";No;No;8,324;Q1;166;76;191;3787;1372;184;6,59;49,83;23,50;0;United States;Northern America;"INFORMS Institute for Operations Research and the Management Sciences";"1985, 1991, 1993, 1995-2026";"Business and International Management (Q1); Economics and Econometrics (Q1); Marketing (Q1)";"Business, Management and Accounting; Economics, Econometrics and Finance"
8;20635;"Journal of Management";journal;"01492063, 15571211";"SAGE Publications Inc.";No;No;8,251;Q1;315;160;276;19794;4399;261;13,92;123,71;34,15;4;United States;Northern America;"SAGE Publications Inc.";"1975-2026";"Finance (Q1); Strategy and Management (Q1)";"Business, Management and Accounting; Economics, Econometrics and Finance"
9;22324;"Organization Science";journal;"15265455, 10477039";"INFORMS Inst.for Operations Res.and the Management Sciences";No;No;7,929;Q1;308;108;313;11595;3093;313;7,93;107,36;39,72;5;United States;Northern America;"INFORMS Inst.for Operations Res.and the Management Sciences";"1992-1994, 1996-2026";"Management of Technology and Innovation (Q1); Organizational Behavior and Human Resource Management (Q1); Strategy and Management (Q1)";"Business, Management and Accounting"
10;22961;"Journal of Marketing Research";journal;"00222437, 15477193";"SAGE Publications Ltd";No;No;7,363;Q1;221;62;186;4022;1541;182;7,95;64,87;35,59;2;United States;Northern America;"SAGE Publications Ltd";"1967-1968, 1971-1973, 1976-1981, 1983, 1986-1987, 1989-2026";"Business and International Management (Q1); Economics and Econometrics (Q1); Marketing (Q1)";"Business, Management and Accounting; Economics, Econometrics and Finance"
11;20246;"Journal of Labor Economics";journal;"0734306X, 15375307";"University of Chicago Press";No;No;6,774;Q1;143;49;126;2421;821;124;4,59;49,41;27,73;26;United States;Northern America;"University of Chicago Press";"1985-1989, 1991, 1993, 1995-2026";"Economics and Econometrics (Q1); Industrial Relations (Q1)";"Business, Management and Accounting; Economics, Econometrics and Finance"
12;21307;"Management Science";journal;"00251909, 15265501";"INFORMS Inst.for Operations Res.and the Management Sciences";Yes;No;6,428;Q1;321;400;1296;30224;10989;1281;7,69;75,56;26,46;42;United States;Northern America;"INFORMS Inst.for Operations Res.and the Management Sciences";"1965-1966, 1968-2025";"Management Science and Operations Research (Q1); Strategy and Management (Q1)";"Business, Management and Accounting; Decision Sciences"
13;24385;"Journal of the Academy of Marketing Science";journal;"00920703, 15527824";"Springer New York";No;No;6,426;Q1;234;83;229;7539;3645;210;12,47;90,83;35,63;11;United States;Northern America;"Springer New York";"1973-2026";"Business and International Management (Q1); Economics and Econometrics (Q1); Marketing (Q1)";"Business, Management and Accounting; Economics, Econometrics and Finance"
14;21149;"Leadership Quarterly";journal;"10489843";"Elsevier Inc.";No;No;6,124;Q1;214;36;130;4326;1787;121;11,94;120,17;39,02;2;United States;Northern America;"Elsevier Inc.";"1990-2026";"Applied Psychology (Q1); Business and International Management (Q1); Organizational Behavior and Human Resource Management (Q1); Sociology and Political Science (Q1)";"Business, Management and Accounting; Psychology; Social Sciences"
15;24870;"Journal of Human Resources";journal;"15488004, 0022166X";"University of Wisconsin Press";No;No;6,085;Q1;135;30;179;1887;861;179;3,62;62,90;30,00;0;United States;Northern America;"University of Wisconsin Press";"1976-1982, 1988, 1990, 1992-2025";"Economics and Econometrics (Q1); Management of Technology and Innovation (Q1); Organizational Behavior and Human Resource Management (Q1); Strategy and Management (Q1)";"Business, Management and Accounting; Economics, Econometrics and Finance"
16;23860;"Journal of Business Venturing";journal;"08839026";"Elsevier Inc.";No;No;5,778;Q1;246;51;140;6640;1844;140;10,60;130,20;34,07;1;United States;Northern America;"Elsevier Inc.";"1985-2026";"Business and International Management (Q1); Management of Technology and Innovation (Q1)";"Business, Management and Accounting"
17;15574;"Information Systems Research";journal;"15265536, 10477047";"INFORMS Inst.for Operations Res.and the Management Sciences";No;No;5,679;Q1;203;115;264;9350;2945;259;11,02;81,30;26,10;2;United States;Northern America;"INFORMS Inst.for Operations Res.and the Management Sciences";"1990-2025";"Computer Networks and Communications (Q1); Information Systems (Q1); Information Systems and Management (Q1); Library and Information Sciences (Q1); Management Information Systems (Q1)";"Business, Management and Accounting; Computer Science; Decision Sciences; Social Sciences"
18;100147318;"Entrepreneurship Theory and Practice";journal;"10422587, 15406520";"SAGE Publications Ltd";No;No;5,670;Q1;224;66;190;7156;2972;178;12,12;108,42;23,73;1;United States;Northern America;"SAGE Publications Ltd";"1989, 1994, 2004-2026";"Business and International Management (Q1); Economics and Econometrics (Q1)";"Business, Management and Accounting; Economics, Econometrics and Finance"
19;12963;"Review of Accounting Studies";journal;"15737136, 13806653";"Springer New York";No;No;5,560;Q1;118;104;209;7579;2080;209;8,99;72,88;30,94;3;United States;Northern America;"Springer New York";"1996-2026";"Accounting (Q1); Business, Management and Accounting (miscellaneous) (Q1)";"Business, Management and Accounting"
20;144974;"Journal of Service Research";journal;"10946705, 15527379";"SAGE Publications Inc.";No;No;5,517;Q1;165;58;115;4017;1700;109;12,42;69,26;40,44;2;United States;Northern America;"SAGE Publications Inc.";"1998-2026";"Information Systems (Q1); Organizational Behavior and Human Resource Management (Q1); Sociology and Political Science (Q1)";"Business, Management and Accounting; Computer Science; Social Sciences"
21;12817;"Personnel Psychology";journal;"00315826, 17446570";"Wiley-Blackwell";No;No;5,410;Q1;183;35;113;4054;1303;108;12,11;115,83;48,33;0;United States;Northern America;"Wiley-Blackwell";"1948-2026";"Applied Psychology (Q1); Organizational Behavior and Human Resource Management (Q1)";"Business, Management and Accounting; Psychology"
22;28181;"Journal of Consumer Psychology";journal;"15327663, 10577408";"John Wiley and Sons Inc";No;No;5,284;Q1;158;56;161;3832;1369;154;9,11;68,43;54,61;1;United States;Northern America;"John Wiley and Sons Inc";"1992-2026";"Applied Psychology (Q1); Marketing (Q1)";"Business, Management and Accounting; Psychology"
23;21789;"Manufacturing and Service Operations Management";journal;"15265498, 15234614";"INFORMS Inst.for Operations Res.and the Management Sciences";No;No;4,661;Q1;123;113;460;6748;3173;455;5,09;59,72;28,14;0;United States;Northern America;"INFORMS Inst.for Operations Res.and the Management Sciences";"1999-2026";"Management Science and Operations Research (Q1); Strategy and Management (Q1)";"Business, Management and Accounting; Decision Sciences"
24;24718;"Human Resource Management";journal;"00904848, 1099050X";"Wiley-Liss Inc.";No;No;4,598;Q1;133;97;145;9683;2109;144;15,20;99,82;48,90;4;United States;Northern America;"Wiley-Liss Inc.";"1961-2026";"Applied Psychology (Q1); Management of Technology and Innovation (Q1); Organizational Behavior and Human Resource Management (Q1); Strategy and Management (Q1)";"Business, Management and Accounting; Psychology"
25;28418;"Brookings Papers on Economic Activity";journal;"00072303, 15334465";"Brookings Institution Press";No;No;4,451;Q1;104;0;42;0;260;39;4,34;0,00;0,00;0;United States;Northern America;"Brookings Institution Press";"1990, 1992, 1996-2024";"Business, Management and Accounting (miscellaneous) (Q1); Economics and Econometrics (Q1)";"Business, Management and Accounting; Economics, Econometrics and Finance"
26;28096;"Accounting Review";journal;"00014826, 15587967";"American Accounting Association";No;No;4,403;Q1;217;104;380;7015;2174;376;3,71;67,45;38,65;0;United States;Northern America;"American Accounting Association";"1996-2026";"Accounting (Q1); Economics and Econometrics (Q1); Finance (Q1)";"Business, Management and Accounting; Economics, Econometrics and Finance"
27;28179;"Journal of Advertising";journal;"15577805, 00913367";"Routledge";No;No;4,201;Q1;151;56;143;4069;1870;127;12,06;72,66;47,17;1;United States;Northern America;"Routledge";"1972-2026";"Business and International Management (Q1); Communication (Q1); Marketing (Q1)";"Business, Management and Accounting; Social Sciences"
28;12402;"MIS Quarterly: Management Information Systems";journal;"02767783, 21629730";"University of Minnesota";No;No;4,061;Q1;294;66;216;5273;1914;205;7,96;79,89;29,95;0;United States;Northern America;"University of Minnesota";"1980-2025";"Computer Science Applications (Q1); Information Systems (Q1); Information Systems and Management (Q1); Management Information Systems (Q1)";"Business, Management and Accounting; Computer Science; Decision Sciences"
29;21100217630;"Strategic Entrepreneurship Journal";journal;"19324391, 1932443X";"John Wiley &amp; Sons Inc.";No;No;3,821;Q1;82;44;96;4356;881;91;8,35;99,00;34,88;1;United States;Northern America;"John Wiley &amp; Sons Inc.";"2008, 2011-2026";"Business and International Management (Q1); Economics and Econometrics (Q1); Strategy and Management (Q1)";"Business, Management and Accounting; Economics, Econometrics and Finance"
30;21100926579;"Review of Corporate Finance Studies";journal;"20469136, 20469128";"Oxford University Press";No;No;3,738;Q1;30;29;74;1645;245;74;3,22;56,72;27,14;4;United States;Northern America;"Oxford University Press";"2012-2026";"Business and International Management (Q1); Economics and Econometrics (Q1); Finance (Q1)";"Business, Management and Accounting; Economics, Econometrics and Finance"
31;21100409642;"Global Strategy Journal";journal;"20425805";"John Wiley &amp; Sons Inc.";No;No;3,664;Q1;60;21;86;2279;794;86;7,14;108,52;26,79;0;United States;Northern America;"John Wiley &amp; Sons Inc.";"2014-2026";"Business and International Management (Q1); Strategy and Management (Q1)";"Business, Management and Accounting"
32;14014;"Psychology and Marketing";journal;"07426046, 15206793";"Wiley-Liss Inc.";No;No;3,642;Q1;166;181;496;15552;6985;495;11,27;85,92;47,80;2;United States;Northern America;"Wiley-Liss Inc.";"1984-2026";"Applied Psychology (Q1); Marketing (Q1)";"Business, Management and Accounting; Psychology"
33;100147317;"Journal of Supply Chain Management";journal;"15232409, 1745493X";"Wiley-Blackwell";No;No;3,632;Q1;125;26;56;2427;630;53;12,40;93,35;33,75;1;United States;Northern America;"Wiley-Blackwell";"1999-2026";"Economics, Econometrics and Finance (miscellaneous) (Q1); Information Systems (Q1); Management Information Systems (Q1); Marketing (Q1)";"Business, Management and Accounting; Computer Science; Economics, Econometrics and Finance"
34;22405;"Production and Operations Management";journal;"10591478, 19375956";"SAGE Publications Inc.";No;No;3,612;Q1;161;303;616;18534;4811;614;5,48;61,17;32,70;8;United States;Northern America;"SAGE Publications Inc.";"1992-2026";"Industrial and Manufacturing Engineering (Q1); Management of Technology and Innovation (Q1); Management Science and Operations Research (Q1)";"Business, Management and Accounting; Decision Sciences; Engineering"
35;4700152287;"Academy of Management Perspectives";journal;"15589080";"Academy of Management";No;No;3,547;Q1;177;42;69;4412;612;67;8,50;105,05;29,29;1;United States;Northern America;"Academy of Management";"1988, 1990, 1992-1993, 2006-2025";"Business and International Management (Q1); Marketing (Q1); Strategy and Management (Q1)";"Business, Management and Accounting"
36;20550;"Journal of Business Research";journal;"01482963";"Elsevier Inc.";No;No;3,498;Q1;322;669;2297;65941;37368;2275;15,01;98,57;40,36;9;United States;Northern America;"Elsevier Inc.";"1973-2026";"Business and International Management (Q1); Management of Technology and Innovation (Q1); Marketing (Q1); Organizational Behavior and Human Resource Management (Q1); Strategy and Management (Q1)";"Business, Management and Accounting"
37;14704;"Technological Forecasting and Social Change";journal;"00401625";"Elsevier Inc.";No;No;3,479;Q1;241;433;2267;43030;42204;2250;16,79;99,38;37,44;15;United States;Northern America;"Elsevier Inc.";"1970-2026";"Applied Psychology (Q1); Business and International Management (Q1); Management of Technology and Innovation (Q1)";"Business, Management and Accounting; Psychology"
38;74502;"Financial Management";journal;"1755053X, 00463892";"John Wiley and Sons Inc";No;No;3,477;Q1;88;49;82;3110;606;82;9,50;63,47;21,97;0;United States;Northern America;"John Wiley and Sons Inc";"1996-2026";"Accounting (Q1); Economics and Econometrics (Q1); Finance (Q1)";"Business, Management and Accounting; Economics, Econometrics and Finance"
39;29400;"Journal of World Business";journal;"10909516";"Elsevier Inc.";No;No;3,353;Q1;158;37;152;4045;1737;150;10,21;109,32;31,09;0;United States;Northern America;"Elsevier Inc.";"1997-2026";"Business and International Management (Q1); Finance (Q1); Marketing (Q1)";"Business, Management and Accounting; Economics, Econometrics and Finance"
40;19700183600;"Journal of Hospitality Marketing and Management";journal;"19368631, 19368623";"Routledge";No;No;3,291;Q1;95;50;139;4433;2574;131;15,00;88,66;37,14;0;United States;Northern America;"Routledge";"2009-2026";"Management Information Systems (Q1); Marketing (Q1); Tourism, Leisure and Hospitality Management (Q1)";"Business, Management and Accounting"
41;15700;"Journal of Management Information Systems";journal;"1557928X, 07421222";"M.E. Sharpe Inc.";No;No;3,154;Q1;189;44;136;3395;1214;124;7,15;77,16;28,23;1;United States;Northern America;"M.E. Sharpe Inc.";"1987-2025";"Computer Science Applications (Q1); Information Systems and Management (Q1); Management Information Systems (Q1); Management Science and Operations Research (Q1)";"Business, Management and Accounting; Computer Science; Decision Sciences"
42;22326;"Organizational Behavior and Human Decision Processes";journal;"07495978, 10959920";"Academic Press Inc.";No;No;3,152;Q1;195;26;126;2378;633;123;4,72;91,46;38,67;0;United States;Northern America;"Academic Press Inc.";"1985-2026";"Applied Psychology (Q1); Organizational Behavior and Human Resource Management (Q1)";"Business, Management and Accounting; Psychology"
43;22928;"Journal of Interactive Marketing";journal;"10949968, 15206653";"SAGE Publications Inc.";No;No;3,125;Q1;142;25;83;2080;779;80;9,82;83,20;43,21;1;United States;Northern America;"SAGE Publications Inc.";"1997-2026";"Business and International Management (Q1); Marketing (Q1)";"Business, Management and Accounting"
44;12006;"Journal of Vocational Behavior";journal;"10959084, 00018791";"Academic Press Inc.";No;No;3,075;Q1;209;60;199;5963;1749;198;8,34;99,38;54,03;2;United States;Northern America;"Academic Press Inc.";"1971-2026";"Applied Psychology (Q1); Education (Q1); Life-span and Life-course Studies (Q1); Organizational Behavior and Human Resource Management (Q1)";"Business, Management and Accounting; Psychology; Social Sciences"
45;3600148105;"Human Resource Management Journal";journal;"17488583, 09545395";"John Wiley and Sons Inc";No;No;3,013;Q1;107;71;163;5552;1565;162;9,04;78,20;47,37;3;United States;Northern America;"John Wiley and Sons Inc";"1990-2026";"Organizational Behavior and Human Resource Management (Q1)";"Business, Management and Accounting"
46;4000148307;"Family Business Review";journal;"17416248, 08944865";"SAGE Publications Inc.";No;No;2,853;Q1;140;12;50;1522;461;46;8,09;126,83;32,43;0;United States;Northern America;"SAGE Publications Inc.";"1988-2026";"Business, Management and Accounting (miscellaneous) (Q1); Finance (Q1)";"Business, Management and Accounting; Economics, Econometrics and Finance"
47;22792;"Industrial Marketing Management";journal;"00198501";"Elsevier Inc.";No;No;2,851;Q1;199;148;589;14887;5918;544;8,77;100,59;33,33;0;United States;Northern America;"Elsevier Inc.";"1971-2026";"Marketing (Q1)";"Business, Management and Accounting"
48;19250;"Work and Occupations";journal;"07308884, 15528464";"SAGE Publications Inc.";No;No;2,840;Q1;88;31;59;2444;421;58;5,57;78,84;57,33;3;United States;Northern America;"SAGE Publications Inc.";"1974-2026";"Organizational Behavior and Human Resource Management (Q1); Sociology and Political Science (Q1)";"Business, Management and Accounting; Social Sciences"
49;5200152701;"Academy of Management Learning and Education";journal;"1537260X";"George Washington University";No;No;2,715;Q1;106;16;96;1489;690;86;6,46;93,06;51,22;0;United States;Northern America;"George Washington University";"2003, 2005-2025";"Education (Q1); Organizational Behavior and Human Resource Management (Q1)";"Business, Management and Accounting; Social Sciences"
50;19700201522;"Journal of Business Logistics";journal;"21581592, 07353766";"John Wiley &amp; Sons Inc.";No;No;2,569;Q1;107;52;102;5347;1302;86;11,44;102,83;24,84;0;United States;Northern America;"John Wiley &amp; Sons Inc.";"2001-2026";"Business, Management and Accounting (miscellaneous) (Q1); Management Science and Operations Research (Q1)";"Business, Management and Accounting; Decision Sciences"
51;15392;"Journal of Business and Psychology";journal;"1573353X, 08893268";"Kluwer Academic/Human Sciences Press Inc.";No;No;2,563;Q1;115;128;202;12314;1452;199;7,36;96,20;44,96;2;United States;Northern America;"Kluwer Academic/Human Sciences Press Inc.";"1986-2026";"Applied Psychology (Q1); Business and International Management (Q1); Business, Management and Accounting (miscellaneous) (Q1); Psychology (miscellaneous) (Q1)";"Business, Management and Accounting; Psychology"
52;29412;"Group and Organization Management";journal;"15523993, 10596011";"SAGE Publications Inc.";No;No;2,543;Q1;113;144;157;9489;1175;143;4,70;65,90;44,21;2;United States;Northern America;"SAGE Publications Inc.";"1976-2026";"Applied Psychology (Q1); Arts and Humanities (miscellaneous) (Q1); Organizational Behavior and Human Resource Management (Q1)";"Arts and Humanities; Business, Management and Accounting; Psychology"
53;14812;"Journal of Travel and Tourism Marketing";journal;"10548408, 15407306";"Routledge";No;No;2,321;Q1;118;68;161;5859;2129;159;12,68;86,16;43,30;0;United States;Northern America;"Routledge";"1992-2025";"Marketing (Q1); Tourism, Leisure and Hospitality Management (Q1)";"Business, Management and Accounting"
54;28561;"Auditing";journal;"15587991, 02780380";"American Accounting Association";No;No;2,320;Q1;111;32;98;2531;440;97;4,48;79,09;37,50;0;United States;Northern America;"American Accounting Association";"1996-2026";"Accounting (Q1); Economics and Econometrics (Q1); Finance (Q1)";"Business, Management and Accounting; Economics, Econometrics and Finance"
55;29861;"Organization and Environment";journal;"15527417, 10860266";"SAGE Publications Inc.";No;No;2,299;Q1;91;34;68;2633;782;67;12,77;77,44;52,87;2;United States;Northern America;"SAGE Publications Inc.";"1987-2026";"Environmental Science (miscellaneous) (Q1); Organizational Behavior and Human Resource Management (Q1)";"Business, Management and Accounting; Environmental Science"
56;20639;"Journal of Management Inquiry";journal;"15526542, 10564926";"SAGE Publications Inc.";No;No;2,292;Q1;85;38;83;3339;439;73;4,74;87,87;54,49;0;United States;Northern America;"SAGE Publications Inc.";"1992-2026";"Business, Management and Accounting (miscellaneous) (Q1); Management of Technology and Innovation (Q1); Strategy and Management (Q1)";"Business, Management and Accounting"
57;4700152638;"Review of International Organizations";journal;"1559744X, 15597431";"Springer";No;No;2,208;Q1;61;70;92;6377;583;82;5,31;91,10;45,74;8;United States;Northern America;"Springer";"2006-2026";"Economics and Econometrics (Q1); Organizational Behavior and Human Resource Management (Q1); Political Science and International Relations (Q1)";"Business, Management and Accounting; Economics, Econometrics and Finance; Social Sciences"
58;21100781509;"Journal of Public Policy and Marketing";journal;"07439156, 15477207";"SAGE Publications Ltd";No;No;2,165;Q1;98;38;77;3204;436;54;6,50;84,32;45,16;0;United States;Northern America;"SAGE Publications Ltd";"1984, 1992-1993, 1995-2026";"Business and International Management (Q1); Economics and Econometrics (Q1); Marketing (Q1)";"Business, Management and Accounting; Economics, Econometrics and Finance"
59;30017;"Journal of Occupational and Organizational Psychology";journal;"20448325, 09631798";"Wiley-Blackwell";No;No;2,156;Q1;152;107;152;9962;1010;152;6,36;93,10;52,73;1;United States;Northern America;"Wiley-Blackwell";"1992-2026";"Applied Psychology (Q1); Organizational Behavior and Human Resource Management (Q1)";"Business, Management and Accounting; Psychology"
60;29170;"Critical Perspectives on Accounting";journal;"10452354, 10959955";"Academic Press";No;No;2,100;Q1;97;38;216;3748;1217;206;5,37;98,63;63,16;0;United States;Northern America;"Academic Press";"1990-2026";"Accounting (Q1); Finance (Q1); Information Systems and Management (Q1); Sociology and Political Science (Q1)";"Business, Management and Accounting; Decision Sciences; Economics, Econometrics and Finance; Social Sciences"
61;144651;"Journal of Technology Transfer";journal;"08929912, 15737047";"Springer";No;No;2,013;Q1;115;188;251;17060;2152;251;8,37;90,74;37,59;7;United States;Northern America;"Springer";"1977-2026";"Accounting (Q1); Business and International Management (Q1); Engineering (miscellaneous) (Q1)";"Business, Management and Accounting; Engineering"
62;17557;"Journal of Money, Credit and Banking";journal;"15384616, 00222879";"Wiley-Blackwell";No;No;1,999;Q1;133;121;257;5781;615;256;2,36;47,78;24,73;25;United States;Northern America;"Wiley-Blackwell";"1996-2026";"Accounting (Q1); Economics and Econometrics (Q1); Finance (Q1)";"Business, Management and Accounting; Economics, Econometrics and Finance"
63;16800154721;"Journal of Hospitality and Tourism Research";journal;"10963480, 15577554";"SAGE Publications Inc.";No;No;1,953;Q1;100;137;239;10414;2398;230;10,50;76,01;45,71;0;United States;Northern America;"SAGE Publications Inc.";"1976-1981, 1983-1985, 1987-2026";"Education (Q1); Tourism, Leisure and Hospitality Management (Q1)";"Business, Management and Accounting; Social Sciences"
64;5600155055;"Review of Public Personnel Administration";journal;"1552759X, 0734371X";"SAGE Publications Inc.";No;No;1,952;Q1;68;65;100;5128;703;98;6,99;78,89;51,24;0;United States;Northern America;"SAGE Publications Inc.";"1980-2026";"Organizational Behavior and Human Resource Management (Q1); Public Administration (Q1)";"Business, Management and Accounting; Social Sciences"
65;18997;"ACM Transactions on Information Systems";journal;"10468188, 15582868";"Association for Computing Machinery";No;No;1,932;Q1;107;167;397;14757;4359;397;11,84;88,37;27,91;1;United States;Northern America;"Association for Computing Machinery";"1983-2026";"Business, Management and Accounting (miscellaneous) (Q1); Computer Science Applications (Q1); Information Systems (Q1)";"Business, Management and Accounting; Computer Science"
66;27663;"Journal of Conflict Resolution";journal;"15528766, 00220027";"SAGE Publications Inc.";No;No;1,893;Q1;138;87;217;6122;807;217;3,26;70,37;27,32;9;United States;Northern America;"SAGE Publications Inc.";"1957-2026";"Business, Management and Accounting (miscellaneous) (Q1); Political Science and International Relations (Q1); Sociology and Political Science (Q1)";"Business, Management and Accounting; Social Sciences"
67;19680;"ILR Review";journal;"00197939, 2162271X";"SAGE Publications Ltd";No;No;1,838;Q1;100;34;116;1771;507;113;3,97;52,09;36,36;6;United States;Northern America;"SAGE Publications Ltd";"1958, 1960-1961, 1965-1966, 1969, 1971-1972, 1976, 1978, 1981-1982, 1984-1985, 1987, 1996-2026";"Management of Technology and Innovation (Q1); Organizational Behavior and Human Resource Management (Q1); Strategy and Management (Q1)";"Business, Management and Accounting"
68;29806;"International Journal of Accounting Information Systems";journal;"14670895";"Elsevier Inc.";No;No;1,747;Q1;74;35;84;2495;979;81;12,21;71,29;37,80;0;United States;Northern America;"Elsevier Inc.";"2000-2026";"Accounting (Q1); Finance (Q1); Information Systems and Management (Q1); Management Information Systems (Q1)";"Business, Management and Accounting; Decision Sciences; Economics, Econometrics and Finance"
69;15821;"Journal of Policy Analysis and Management";journal;"02768739, 15206688";"Wiley-Liss Inc.";No;No;1,741;Q1;109;84;195;3934;487;142;2,22;46,83;32,52;15;United States;Northern America;"Wiley-Liss Inc.";"1981-2026";"Business, Management and Accounting (miscellaneous) (Q1); Public Administration (Q1); Sociology and Political Science (Q1)";"Business, Management and Accounting; Social Sciences"
70;22944;"Journal of International Marketing";journal;"15477215, 1069031X";"SAGE Publications Ltd";No;No;1,726;Q1;113;14;72;1130;459;65;5,48;80,71;43,86;0;United States;Northern America;"SAGE Publications Ltd";"1995-2026";"Business and International Management (Q1); Economics and Econometrics (Q1); Marketing (Q1)";"Business, Management and Accounting; Economics, Econometrics and Finance"
71;28634;"British Accounting Review";journal;"10958347, 08908389";"Academic Press";No;No;1,705;Q1;100;176;206;14831;1749;206;8,33;84,27;36,48;0;United States;Northern America;"Academic Press";"1988-2026";"Accounting (Q1)";"Business, Management and Accounting"
72;20633;"Journal of International Management";journal;"10754253";"Elsevier Inc.";No;No;1,667;Q1;96;56;194;5416;1410;194;5,38;96,71;34,36;0;United States;Northern America;"Elsevier Inc.";"1998-2026";"Business and International Management (Q1); Finance (Q1); Strategy and Management (Q1)";"Business, Management and Accounting; Economics, Econometrics and Finance"
73;15700154705;"Operations Management Research";journal;"19369743, 19369735";"Springer New York";No;No;1,648;Q1;57;61;250;5399;2738;249;8,69;88,51;24,74;0;United States;Northern America;"Springer New York";"2008-2026";"Industrial and Manufacturing Engineering (Q1); Management of Technology and Innovation (Q1); Management Science and Operations Research (Q1); Strategy and Management (Q1)";"Business, Management and Accounting; Decision Sciences; Engineering"
74;12277;"Management Accounting Research";journal;"10445005, 10961224";"Academic Press";No;No;1,625;Q1;109;19;48;1483;303;44;5,19;78,05;36,00;0;United States;Northern America;"Academic Press";"1990-2026";"Accounting (Q1); Finance (Q1); Information Systems and Management (Q1)";"Business, Management and Accounting; Decision Sciences; Economics, Econometrics and Finance"
75;11700154366;"Journal of Leadership and Organizational Studies";journal;"19397089, 15480518";"SAGE Publications Inc.";No;No;1,539;Q1;74;24;81;2180;662;74;8,02;90,83;39,06;1;United States;Northern America;"SAGE Publications Inc.";"1996-1999, 2003, 2008-2026";"Business and International Management (Q1); Management Science and Operations Research (Q1); Organizational Behavior and Human Resource Management (Q1); Sociology and Political Science (Q1); Strategy and Management (Q1)";"Business, Management and Accounting; Decision Sciences; Social Sciences"
76;4700152289;"Human Resource Development Quarterly";journal;"15321096, 10448004";"Wiley-Blackwell";No;No;1,520;Q1;87;33;71;2525;484;55;7,71;76,52;54,05;1;United States;Northern America;"Wiley-Blackwell";"1990-2026";"Arts and Humanities (miscellaneous) (Q1); Organizational Behavior and Human Resource Management (Q1)";"Arts and Humanities; Business, Management and Accounting"
77;12512;"Journal of Management in Engineering";journal;"19435479, 0742597X";"American Society of Civil Engineers (ASCE)";No;No;1,486;Q1;112;71;295;5255;2269;290;6,40;74,01;37,39;0;United States;Northern America;"American Society of Civil Engineers (ASCE)";"1985-2026";"Engineering (miscellaneous) (Q1); Industrial Relations (Q1); Management Science and Operations Research (Q1); Strategy and Management (Q1)";"Business, Management and Accounting; Decision Sciences; Engineering"
78;17359;"IEEE Transactions on Engineering Management";journal;"00189391, 15580040";"Institute of Electrical and Electronics Engineers Inc.";No;No;1,480;Q1;124;285;1671;21584;12312;1654;7,67;75,73;32,93;0;United States;Northern America;"Institute of Electrical and Electronics Engineers Inc.";"1969-2026";"Electrical and Electronic Engineering (Q1); Strategy and Management (Q1)";"Business, Management and Accounting; Engineering"
79;23687;"Marketing Letters";journal;"1573059X, 09230645";"Springer New York";No;No;1,462;Q1;94;66;140;2112;553;139;2,96;32,00;42,00;1;United States;Northern America;"Springer New York";"1989-2026";"Business and International Management (Q1); Economics and Econometrics (Q1); Marketing (Q1)";"Business, Management and Accounting; Economics, Econometrics and Finance"
80;19990;"International Journal of Industrial Organization";journal;"01677187";"Elsevier Inc.";No;No;1,449;Q1;100;49;166;2022;336;166;2,04;41,27;19,82;9;United States;Northern America;"Elsevier Inc.";"1983-2026";"Aerospace Engineering (Q1); Economics and Econometrics (Q1); Economics, Econometrics and Finance (miscellaneous) (Q1); Industrial and Manufacturing Engineering (Q1); Industrial Relations (Q1); Strategy and Management (Q1)";"Business, Management and Accounting; Economics, Econometrics and Finance; Engineering"
81;21078;"Journal of Sport Management";journal;"1543270X, 08884773";"Human Kinetics Publishers Inc.";No;No;1,435;Q1;96;37;130;2448;623;125;3,78;66,16;32,93;0;United States;Northern America;"Human Kinetics Publishers Inc.";"1987, 1989, 1995-2026";"Decision Sciences (miscellaneous) (Q1); Organizational Behavior and Human Resource Management (Q1); Orthopedics and Sports Medicine (Q1); Physical Therapy, Sports Therapy and Rehabilitation (Q1); Sports Science (Q1)";"Business, Management and Accounting; Decision Sciences; Health Professions; Medicine"
82;15398;"Journal of Career Assessment";journal;"10690727, 15524590";"SAGE Publications Inc.";No;No;1,413;Q1;87;65;121;4284;603;121;4,48;65,91;53,65;0;United States;Northern America;"SAGE Publications Inc.";"1993-2026";"Applied Psychology (Q1); Education (Q1); Organizational Behavior and Human Resource Management (Q1); Psychology (miscellaneous) (Q1)";"Business, Management and Accounting; Psychology; Social Sciences"
83;21100869398;"Work, Aging and Retirement";journal;"20544650";"Oxford University Press";No;No;1,396;Q1;45;27;97;2114;411;87;4,11;78,30;64,04;3;United States;Northern America;"Oxford University Press";"2015-2026";"Economics, Econometrics and Finance (miscellaneous) (Q1); Geriatrics and Gerontology (Q1); Industrial Relations (Q1); Life-span and Life-course Studies (Q1); Organizational Behavior and Human Resource Management (Q1); Sociology and Political Science (Q1)";"Business, Management and Accounting; Economics, Econometrics and Finance; Medicine; Social Sciences"
84;5000158708;"Accounting Horizons";journal;"08887993, 15587975";"American Accounting Association";No;No;1,361;Q1;98;50;120;2370;430;118;3,31;47,40;34,65;0;United States;Northern America;"American Accounting Association";"1996-2025";"Accounting (Q1)";"Business, Management and Accounting"
85;11400153332;"Asia Pacific Journal of Human Resources";journal;"10384111, 17447941";"Wiley-Blackwell";No;No;1,346;Q1;52;37;119;3102;762;119;6,25;83,84;56,30;0;United States;Northern America;"Wiley-Blackwell";"1966-1967, 1970, 1972-1974, 1976, 1978-1999, 2007-2026";"Organizational Behavior and Human Resource Management (Q1)";"Business, Management and Accounting"
86;21100830431;"Service Science";journal;"21643970, 21643962";"INFORMS Institute for Operations Research and the Management Sciences";No;No;1,309;Q1;29;11;57;644;155;55;2,37;58,55;28,00;0;United States;Northern America;"INFORMS Institute for Operations Research and the Management Sciences";"2012, 2014-2025";"Business and International Management (Q1); Management Science and Operations Research (Q1); Modeling and Simulation (Q1); Marketing (Q2)";"Business, Management and Accounting; Decision Sciences; Mathematics"
87;145211;"Asia Pacific Journal of Management";journal;"02174561, 15729958";"Springer";No;No;1,297;Q1;105;154;195;14532;1290;195;6,27;94,36;37,86;0;United States;Northern America;"Springer";"1983-2026";"Business and International Management (Q1); Economics, Econometrics and Finance (miscellaneous) (Q1); Strategy and Management (Q1)";"Business, Management and Accounting; Economics, Econometrics and Finance"
88;14420;"Journal of Career Development";journal;"08948453, 15560856";"SAGE Publications Inc.";No;No;1,277;Q1;67;48;199;2912;999;198;3,50;60,67;63,40;0;United States;Northern America;"SAGE Publications Inc.";"1972-1973, 1975-2026";"Applied Psychology (Q1); Education (Q1); Organizational Behavior and Human Resource Management (Q1); Psychology (miscellaneous) (Q1)";"Business, Management and Accounting; Psychology; Social Sciences"
89;21100222556;"Journal of Contextual Behavioral Science";journal;"22121447";"Elsevier Inc.";No;No;1,264;Q1;58;74;291;4807;1086;281;3,32;64,96;53,38;1;United States;Northern America;"Elsevier Inc.";"2012-2026";"Applied Psychology (Q1); Behavioral Neuroscience (Q1); Ecology, Evolution, Behavior and Systematics (Q1); Health (social science) (Q1); Organizational Behavior and Human Resource Management (Q1)";"Agricultural and Biological Sciences; Business, Management and Accounting; Neuroscience; Psychology; Social Sciences"
90;19900193216;"Journal of Management Accounting Research";journal;"15588033, 10492127";"American Accounting Association";No;No;1,248;Q1;38;26;87;1624;205;83;1,91;62,46;26,32;0;United States;Northern America;"American Accounting Association";"2008-2025";"Accounting (Q1); Business and International Management (Q1)";"Business, Management and Accounting"
91;28708;"National Tax Journal";journal;"19447477, 00280283";"University of Chicago Press";No;No;1,232;Q1;72;38;104;1751;136;91;1,06;46,08;42,68;5;United States;Northern America;"University of Chicago Press";"1985, 1989, 1995-2026";"Accounting (Q1); Economics and Econometrics (Q1); Finance (Q1)";"Business, Management and Accounting; Economics, Econometrics and Finance"
92;16051;"American Review of Public Administration";journal;"15523357, 02750740";"SAGE Publications Inc.";No;No;1,221;Q2;90;36;106;3054;440;106;3,61;84,83;47,31;1;United States;Northern America;"SAGE Publications Inc.";"1967-1983, 1987-2026";"Public Administration (Q1); Sociology and Political Science (Q1); Marketing (Q2)";"Business, Management and Accounting; Social Sciences"
93;19900193252;"Journal of the American Taxation Association";journal;"15588017, 01989073";"American Accounting Association";No;No;1,218;Q1;36;11;38;598;82;37;2,20;54,36;43,75;0;United States;Northern America;"American Accounting Association";"1999, 2001, 2003-2004, 2007, 2009-2025";"Accounting (Q1); Finance (Q1)";"Business, Management and Accounting; Economics, Econometrics and Finance"
94;17700156774;"European Management Review";journal;"17404762, 17404754";"Wiley-Blackwell";No;No;1,202;Q1;54;103;164;9652;852;158;5,17;93,71;39,10;1;United States;Northern America;"Wiley-Blackwell";"2004, 2006, 2009-2026";"Business and International Management (Q1); Strategy and Management (Q1)";"Business, Management and Accounting"
95;21100317418;"International Journal of Precision Engineering and Manufacturing - Green Technology";journal;"21980810, 22886206";"Springer Science + Business Media";No;No;1,190;Q1;65;164;308;10859;2500;305;7,99;66,21;22,71;0;United States;Northern America;"Springer Science + Business Media";"2014-2026";"Industrial and Manufacturing Engineering (Q1); Management of Technology and Innovation (Q1); Materials Science (miscellaneous) (Q1); Mechanical Engineering (Q1); Renewable Energy, Sustainability and the Environment (Q2)";"Business, Management and Accounting; Energy; Engineering; Materials Science"
96;4700152279;"Journal of Marketing for Higher Education";journal;"15407144, 08841241";"Routledge";No;No;1,181;Q2;51;41;109;3221;626;109;5,58;78,56;39,36;0;United States;Northern America;"Routledge";"1988-1991, 1993-2026";"Education (Q1); Marketing (Q2)";"Business, Management and Accounting; Social Sciences"
97;20636;"Journal of Management and Governance";journal;"1572963X, 13853457";"Springer";No;No;1,145;Q1;71;53;137;4748;987;131;6,70;89,58;49,63;0;United States;Northern America;"Springer";"1997-2026";"Business and International Management (Q1)";"Business, Management and Accounting"
98;25468;"Public Personnel Management";journal;"00910260, 19457421";"SAGE Publications Inc.";No;No;1,144;Q1;60;29;76;2520;416;74;4,13;86,90;45,83;0;United States;Northern America;"SAGE Publications Inc.";"1973, 1981-1984, 1989, 1993, 1995-2026";"Management of Technology and Innovation (Q1); Organizational Behavior and Human Resource Management (Q1); Public Administration (Q1); Strategy and Management (Q1)";"Business, Management and Accounting; Social Sciences"
99;21100435208;"Financial Accountability and Management";journal;"14680408, 02674424";"John Wiley &amp; Sons Inc.";No;No;1,136;Q1;58;51;99;3866;628;97;4,33;75,80;53,28;0;United States;Northern America;"John Wiley &amp; Sons Inc.";"1985-2026";"Business, Management and Accounting (miscellaneous) (Q1); Economics, Econometrics and Finance (miscellaneous) (Q1)";"Business, Management and Accounting; Economics, Econometrics and Finance"
100;11500153401;"Cornell Hospitality Quarterly";journal;"19389663, 19389655";"SAGE Publications Inc.";No;No;1,130;Q1;100;41;123;2934;665;111;5,50;71,56;37,27;0;United States;Northern America;"SAGE Publications Inc.";"2008-2026";"Tourism, Leisure and Hospitality Management (Q1)";"Business, Management and Accounting"
101;19700182654;"Project Management Journal";journal;"19389507, 87569728";"SAGE Publications Inc.";No;No;1,127;Q1;72;63;127;5126;818;112;5,91;81,37;33,81;0;United States;Northern America;"SAGE Publications Inc.";"1986, 2000, 2009-2026";"Business and International Management (Q1); Management of Technology and Innovation (Q1); Strategy and Management (Q1)";"Business, Management and Accounting"
102;16273;"Journal of Construction Engineering and Management";journal;"19437862, 07339364";"American Society of Civil Engineers (ASCE)";No;No;1,108;Q1;158;282;664;18935;4389;660;6,16;67,15;31,92;0;United States;Northern America;"American Society of Civil Engineers (ASCE)";"1982-2026";"Building and Construction (Q1); Civil and Structural Engineering (Q1); Industrial Relations (Q1); Strategy and Management (Q1)";"Business, Management and Accounting; Engineering"
103;5800169457;"Public Performance and Management Review";journal;"15309576, 15579271";"Routledge";No;No;1,097;Q1;48;79;164;6726;730;164;4,06;85,14;30,49;2;United States;Northern America;"Routledge";"2007-2008, 2011-2026";"Public Administration (Q1); Strategy and Management (Q1)";"Business, Management and Accounting; Social Sciences"
104;18300156733;"Foundations and Trends in Marketing";journal;"15550761, 15550753";"Now Publishers Inc";No;No;1,074;Q2;18;1;13;220;22;13;1,40;220,00;25,00;0;United States;Northern America;"Now Publishers Inc";"2006-2007, 2009-2025";"Economics and Econometrics (Q1); Marketing (Q2)";"Business, Management and Accounting; Economics, Econometrics and Finance"
105;16032;"Administration and Society";journal;"00953997, 15523039";"SAGE Publications Inc.";No;No;1,073;Q2;86;48;193;3258;769;192;2,88;67,88;40,57;0;United States;Northern America;"SAGE Publications Inc.";"1969-2026";"Public Administration (Q1); Sociology and Political Science (Q1); Marketing (Q2)";"Business, Management and Accounting; Social Sciences"
106;21100842323;"Journal of Trust Research";journal;"2151559X, 21515581";"Routledge";No;No;1,067;Q1;30;18;32;1331;147;28;4,83;73,94;44,44;0;United States;Northern America;"Routledge";"2011-2026";"Business, Management and Accounting (miscellaneous) (Q1); Social Psychology (Q1); Sociology and Political Science (Q1); Applied Psychology (Q2)";"Business, Management and Accounting; Psychology; Social Sciences"
107;21100852014;"International Journal of Business Communication";journal;"23294884, 23294892";"SAGE Publications Inc.";No;No;1,047;Q1;72;92;154;6632;794;149;5,23;72,09;50,54;1;United States;Northern America;"SAGE Publications Inc.";"2015-2026";"Business, Management and Accounting (miscellaneous) (Q1); Economics, Econometrics and Finance (miscellaneous) (Q1)";"Business, Management and Accounting; Economics, Econometrics and Finance"
108;19691;"International Journal of Electronic Commerce";journal;"10864415, 15579301";"M.E. Sharpe Inc.";No;No;1,028;Q1;104;25;73;1885;331;61;4,16;75,40;33,85;0;United States;Northern America;"M.E. Sharpe Inc.";"1996-2025";"Business and International Management (Q1); Economics and Econometrics (Q2)";"Business, Management and Accounting; Economics, Econometrics and Finance"
109;4700152631;"International Entrepreneurship and Management Journal";journal;"15547191, 15551938";"Springer";No;No;1,014;Q1;97;114;265;10641;1781;265;6,33;93,34;45,11;2;United States;Northern America;"Springer";"2006-2026";"Management Information Systems (Q1); Management of Technology and Innovation (Q2)";"Business, Management and Accounting"
110;30064;"Journal of Psychology";journal;"19401019, 00223980";"Routledge";No;No;1,011;Q1;88;54;90;4173;382;88;2,84;77,28;45,25;0;United States;Northern America;"Routledge";"1936-2026";"Business, Management and Accounting (miscellaneous) (Q1); Education (Q1); Psychology (miscellaneous) (Q1)";"Business, Management and Accounting; Psychology; Social Sciences"
111;17500155110;"Foundations and Trends in Entrepreneurship";journal;"15513114, 15513122";"Now Publishers Inc";No;No;0,998;Q1;42;15;20;1793;100;20;6,36;119,53;57,14;0;United States;Northern America;"Now Publishers Inc";"2005-2025";"Business and International Management (Q1); Economics and Econometrics (Q2)";"Business, Management and Accounting; Economics, Econometrics and Finance"
112;4700152784;"Journal of Internet Commerce";journal;"1533287X, 15332861";"Routledge";No;No;0,979;Q2;51;14;60;1224;413;59;6,93;87,43;36,36;0;United States;Northern America;"Routledge";"2002-2026";"Human-Computer Interaction (Q2); Management of Technology and Innovation (Q2)";"Business, Management and Accounting; Computer Science"
113;29849;"Journal of Accounting and Public Policy";journal;"18732070, 02784254";"Elsevier Inc.";No;No;0,970;Q2;104;73;200;5087;714;193;2,74;69,68;29,72;0;United States;Northern America;"Elsevier Inc.";"1982-2026";"Sociology and Political Science (Q1); Accounting (Q2)";"Business, Management and Accounting; Social Sciences"
114;15725;"Voluntas";journal;"09578765, 15737888";"Cambridge University Press";No;No;0,939;Q1;77;77;299;4527;1060;289;3,21;58,79;44,97;0;United States;Northern America;"Cambridge University Press";"1990-2025";"Business and International Management (Q1); Geography, Planning and Development (Q1); Public Administration (Q1); Sociology and Political Science (Q1); Strategy and Management (Q1)";"Business, Management and Accounting; Social Sciences"
115;21100200804;"ACM Transactions on Management Information Systems";journal;"21586578, 2158656X";"Association for Computing Machinery";No;No;0,913;Q1;45;34;86;2142;425;83;5,07;63,00;27,56;0;United States;Northern America;"Association for Computing Machinery";"2010-2025";"Computer Science (miscellaneous) (Q1); Management Information Systems (Q1)";"Business, Management and Accounting; Computer Science"
116;21100922610;"Journal of Professions and Organization";journal;"20518811, 20518803";"Oxford University Press";No;No;0,890;Q2;32;14;64;1020;173;64;2,14;72,86;54,55;1;United States;Northern America;"Oxford University Press";"2014-2026";"Business and International Management (Q2); Organizational Behavior and Human Resource Management (Q2); Strategy and Management (Q2)";"Business, Management and Accounting"
117;21899;"Nonprofit Management and Leadership";journal;"10486682, 15427854";"John Wiley and Sons Inc";No;No;0,890;Q2;72;67;127;4461;443;113;2,98;66,58;50,00;0;United States;Northern America;"John Wiley and Sons Inc";"1990-2026";"Strategy and Management (Q2)";"Business, Management and Accounting"
118;27287;"Journal of Network and Systems Management";journal;"15737705, 10647570";"Springer New York";No;No;0,882;Q2;51;99;257;4784;1434;255;5,12;48,32;26,55;0;United States;Northern America;"Springer New York";"1993-2026";"Computer Networks and Communications (Q1); Hardware and Architecture (Q1); Information Systems (Q1); Strategy and Management (Q2)";"Business, Management and Accounting; Computer Science"
119;144957;"Journal of Marketing Education";journal;"02734753, 15526550";"SAGE Publications Inc.";No;No;0,880;Q2;72;31;70;2181;405;62;5,66;70,35;46,91;0;United States;Northern America;"SAGE Publications Inc.";"1979-2025";"Education (Q1); Marketing (Q2)";"Business, Management and Accounting; Social Sciences"
120;13382;"Health Care Management Review";journal;"15505030, 03616274";"Lippincott Williams and Wilkins Ltd.";No;No;0,873;Q2;71;41;121;1700;352;113;2,56;41,46;63,04;0;United States;Northern America;"Lippincott Williams and Wilkins Ltd.";"1976-2026";"Leadership and Management (Q1); Health Policy (Q2); Strategy and Management (Q2)";"Business, Management and Accounting; Medicine; Nursing"
121;6500153243;"International Review of Environmental and Resource Economics";journal;"19321465, 19321473";"Now Publishers Inc";No;No;0,866;Q2;36;7;26;1363;40;25;1,81;194,71;38,10;0;United States;Northern America;"Now Publishers Inc";"2007-2025";"Accounting (Q2); Economics and Econometrics (Q2); Finance (Q2); Management, Monitoring, Policy and Law (Q2)";"Business, Management and Accounting; Economics, Econometrics and Finance; Environmental Science"
122;5700153461;"Management Communication Quarterly";journal;"08933189, 15526798";"SAGE Publications Inc.";No;No;0,861;Q2;86;27;99;1629;457;98;4,38;60,33;63,41;1;United States;Northern America;"SAGE Publications Inc.";"1987-2026";"Communication (Q1); Strategy and Management (Q2)";"Business, Management and Accounting; Social Sciences"
123;19700175255;"Journal of Personnel Psychology";journal;"18665888, 21905150";"Hogrefe Publishing";No;No;0,848;Q2;44;21;60;1111;164;60;2,48;52,90;55,56;0;United States;Northern America;"Hogrefe Publishing";"2010-2026";"Applied Psychology (Q2); Organizational Behavior and Human Resource Management (Q2)";"Business, Management and Accounting; Psychology"
124;144958;"Journal of Macromarketing";journal;"15526534, 02761467";"SAGE Publications Inc.";No;No;0,844;Q2;76;62;144;5165;512;141;3,25;83,31;44,23;0;United States;Northern America;"SAGE Publications Inc.";"1981-2026";"Marketing (Q2)";"Business, Management and Accounting"
125;21100356018;"Big Data Research";journal;"22145796, 2214580X";"Elsevier Inc.";No;No;0,843;Q1;51;50;126;2214;691;124;5,62;44,28;33,72;1;United States;Northern America;"Elsevier Inc.";"2014-2026";"Information Systems (Q1); Information Systems and Management (Q1); Management Information Systems (Q1); Computer Science Applications (Q2)";"Business, Management and Accounting; Computer Science; Decision Sciences"
126;5700185131;"Journal of Management Education";journal;"10525629, 15526658";"SAGE Publications Inc.";No;No;0,841;Q1;68;37;123;2277;461;98;3,31;61,54;54,69;0;United States;Northern America;"SAGE Publications Inc.";"1975-1984, 1986-2026";"Business, Management and Accounting (miscellaneous) (Q1); Education (Q1)";"Business, Management and Accounting; Social Sciences"
127;19900193217;"Journal of Emerging Technologies in Accounting";journal;"15541908, 15587940";"American Accounting Association";No;No;0,838;Q2;34;19;86;948;363;77;3,56;49,89;30,77;0;United States;Northern America;"American Accounting Association";"2009-2025";"Accounting (Q2); Computer Science Applications (Q2)";"Business, Management and Accounting; Computer Science"
128;14788;"Human Performance";journal;"08959285, 15327043";"Routledge";No;No;0,834;Q2;87;14;42;1158;125;41;2,48;82,71;36,07;0;United States;Northern America;"Routledge";"1988-2026";"Applied Psychology (Q2); Organizational Behavior and Human Resource Management (Q2); Psychology (miscellaneous) (Q2)";"Business, Management and Accounting; Psychology"
129;21100976150;"Business Strategy and Development";journal;"25723170";"John Wiley &amp; Sons Inc.";No;No;0,831;Q2;39;201;281;16986;1851;280;6,96;84,51;35,92;0;United States;Northern America;"John Wiley &amp; Sons Inc.";"2018-2026";"Development (Q1); Economics, Econometrics and Finance (miscellaneous) (Q1); Strategy and Management (Q2)";"Business, Management and Accounting; Economics, Econometrics and Finance; Social Sciences"
130;200147123;"Accounting and Finance";journal;"1467629X, 08105391";"Wiley-Blackwell";No;No;0,814;Q2;77;234;494;17306;2106;494;3,53;73,96;38,58;1;United States;Northern America;"Wiley-Blackwell";"1979-2026";"Economics, Econometrics and Finance (miscellaneous) (Q1); Accounting (Q2); Finance (Q2)";"Business, Management and Accounting; Economics, Econometrics and Finance"
131;14761;"International Journal of Stress Management";journal;"10725245, 15733424";"American Psychological Association";No;No;0,813;Q1;81;33;111;2759;311;111;2,62;83,61;53,06;0;United States;Northern America;"American Psychological Association";"1994-2026";"Business, Management and Accounting (miscellaneous) (Q1); Education (Q1); Applied Psychology (Q2); Medicine (miscellaneous) (Q2); Psychology (miscellaneous) (Q2)";"Business, Management and Accounting; Medicine; Psychology; Social Sciences"
132;13194;"Career Development Quarterly";journal;"21610045, 08894019";"Wiley-Blackwell";No;No;0,811;Q2;70;25;74;1569;227;74;2,67;62,76;65,75;0;United States;Northern America;"Wiley-Blackwell";"1986-2026";"Applied Psychology (Q2); Organizational Behavior and Human Resource Management (Q2); Psychology (miscellaneous) (Q2)";"Business, Management and Accounting; Psychology"
133;24378;"Journal of Economics and Business";journal;"01486195";"Elsevier Inc.";No;No;0,783;Q1;65;29;84;1606;328;82;3,20;55,38;34,92;0;United States;Northern America;"Elsevier Inc.";"1978, 1980, 1982-2026";"Business, Management and Accounting (miscellaneous) (Q1); Economics and Econometrics (Q2); Finance (Q2)";"Business, Management and Accounting; Economics, Econometrics and Finance"
134;19700190346;"Consumption Markets and Culture";journal;"10253866, 1477223X";"Routledge";No;No;0,756;Q2;47;38;98;2626;278;93;2,25;69,11;43,33;0;United States;Northern America;"Routledge";"2003, 2007, 2010-2026";"Anthropology (Q1); Economics and Econometrics (Q2); Marketing (Q2); Social Psychology (Q2)";"Business, Management and Accounting; Economics, Econometrics and Finance; Psychology; Social Sciences"
135;20608;"Journal of Global Information Management";journal;"10627375, 15337995";"IGI Publishing";No;No;0,742;Q2;55;84;249;6945;1237;249;5,31;82,68;33,33;0;United States;Northern America;"IGI Publishing";"2002-2026";"Information Systems and Management (Q1); Business and International Management (Q2); Computer Science Applications (Q2); E-learning (Q2); Management Science and Operations Research (Q2); Strategy and Management (Q2)";"Business, Management and Accounting; Computer Science; Decision Sciences; Social Sciences"
136;28062;"International Tax and Public Finance";journal;"15736970, 09275940";"Springer New York";No;No;0,735;Q2;60;102;164;4299;283;161;1,52;42,15;29,57;20;United States;Northern America;"Springer New York";"1994-2026";"Accounting (Q2); Economics and Econometrics (Q2); Finance (Q2)";"Business, Management and Accounting; Economics, Econometrics and Finance"
137;15688;"Journal of Information Systems";journal;"08887985, 15587959";"American Accounting Association";No;No;0,731;Q2;52;20;85;1828;275;81;2,83;91,40;29,17;0;United States;Northern America;"American Accounting Association";"2006, 2009-2025";"Information Systems and Management (Q1); Accounting (Q2); Human-Computer Interaction (Q2); Information Systems (Q2); Management Information Systems (Q2); Management of Technology and Innovation (Q2); Software (Q2)";"Business, Management and Accounting; Computer Science; Decision Sciences"
138;4700152827;"International Journal of Hospitality and Tourism Administration";journal;"15256480, 15256499";"Routledge";No;No;0,715;Q2;47;77;132;6677;650;130;4,86;86,71;40,65;0;United States;Northern America;"Routledge";"2000-2026";"Tourism, Leisure and Hospitality Management (Q2)";"Business, Management and Accounting"
139;130073;"Journal of Consumer Policy";journal;"01687034, 15730700";"Springer New York";No;No;0,714;Q2;66;25;72;1693;250;70;2,56;67,72;39,22;1;United States;Northern America;"Springer New York";"1977-1981, 1983-2026";"Business, Management and Accounting (miscellaneous) (Q2); Economics and Econometrics (Q2)";"Business, Management and Accounting; Economics, Econometrics and Finance"
140;14167;"Journal of Healthcare Management";journal;"19447396, 10969012";"Lippincott Williams and Wilkins";No;No;0,713;Q2;57;43;134;988;210;101;1,75;22,98;64,55;0;United States;Northern America;"Lippincott Williams and Wilkins";"1998-2026";"Health Policy (Q2); Leadership and Management (Q2); Medicine (miscellaneous) (Q2); Strategy and Management (Q2)";"Business, Management and Accounting; Medicine; Nursing"
141;21100835738;"Industry and Higher Education";journal;"20436858, 09504222";"SAGE Publications Inc.";No;No;0,710;Q2;41;90;183;5122;810;177;4,05;56,91;42,06;1;United States;Northern America;"SAGE Publications Inc.";"1996-2026";"Education (Q1); Business and International Management (Q2)";"Business, Management and Accounting; Social Sciences"
142;21100821602;"Business and Professional Communication Quarterly";journal;"23294922, 23294906";"SAGE Publications Inc.";No;No;0,705;Q2;47;95;116;5001;414;112;3,49;52,64;55,77;0;United States;Northern America;"SAGE Publications Inc.";"2015-2026";"Arts and Humanities (miscellaneous) (Q1); Economics, Econometrics and Finance (miscellaneous) (Q1); Business and International Management (Q2); Business, Management and Accounting (miscellaneous) (Q2)";"Arts and Humanities; Business, Management and Accounting; Economics, Econometrics and Finance"
143;12964;"Review of Quantitative Finance and Accounting";journal;"0924865X, 15737179";"Springer New York";No;No;0,700;Q2;63;164;296;11182;1056;296;3,24;68,18;27,33;3;United States;Northern America;"Springer New York";"1991-2026";"Accounting (Q2); Business, Management and Accounting (miscellaneous) (Q2); Finance (Q2)";"Business, Management and Accounting; Economics, Econometrics and Finance"
144;21100817620;"Career Development and Transition for Exceptional Individuals";journal;"21651442, 21651434";"SAGE Publications Inc.";No;No;0,691;Q2;29;36;71;1570;145;59;1,90;43,61;62,59;0;United States;Northern America;"SAGE Publications Inc.";"2015-2026";"Education (Q2); Organizational Behavior and Human Resource Management (Q2)";"Business, Management and Accounting; Social Sciences"
145;4700152802;"Journal of Business and Finance Librarianship";journal;"15470644, 08963568";"Routledge";No;No;0,683;Q2;23;23;53;835;118;53;2,52;36,30;54,55;1;United States;Northern America;"Routledge";"1990-1992, 1994, 1996-2026";"Library and Information Sciences (Q1); E-learning (Q2); Management Information Systems (Q2); Marketing (Q2)";"Business, Management and Accounting; Social Sciences"
146;19900193253;"Behavioral Research in Accounting";journal;"15588009, 10504753";"American Accounting Association";No;No;0,679;Q2;36;12;34;893;63;34;1,83;74,42;51,52;0;United States;Northern America;"American Accounting Association";"2007-2025";"Accounting (Q2); Organizational Behavior and Human Resource Management (Q2)";"Business, Management and Accounting"
147;4700152786;"Journal of Political Marketing";journal;"15377857, 15377865";"Routledge";No;No;0,675;Q2;37;37;57;2793;179;54;2,88;75,49;33,72;1;United States;Northern America;"Routledge";"2002-2026";"Sociology and Political Science (Q1); Marketing (Q2)";"Business, Management and Accounting; Social Sciences"
148;145676;"Thunderbird International Business Review";journal;"10964762, 15206874";"John Wiley and Sons Inc";No;No;0,661;Q2;59;89;142;7166;543;115;4,20;80,52;32,69;0;United States;Northern America;"John Wiley and Sons Inc";"1998-1999, 2005-2026";"Political Science and International Relations (Q1); Business and International Management (Q2); Geography, Planning and Development (Q2)";"Business, Management and Accounting; Social Sciences"
149;21184;"Journal of Quality Technology";journal;"00224065";"Taylor and Francis Ltd.";No;No;0,658;Q2;102;33;95;1167;261;92;2,28;35,36;32,22;0;United States;Northern America;"Taylor and Francis Ltd.";"1969-1980, 1982-1985, 1987-1988, 1990, 1992-2026";"Industrial and Manufacturing Engineering (Q2); Management Science and Operations Research (Q2); Safety, Risk, Reliability and Quality (Q2); Strategy and Management (Q2)";"Business, Management and Accounting; Decision Sciences; Engineering"
150;24734;"American Journal of Evaluation";journal;"10982140, 15570878";"SAGE Publications Inc.";No;No;0,655;Q2;74;39;120;1752;178;102;1,47;44,92;66,29;0;United States;Northern America;"SAGE Publications Inc.";"1981-2026";"Sociology and Political Science (Q1); Business and International Management (Q2); Education (Q2); Health (social science) (Q2); Social Psychology (Q2); Strategy and Management (Q2)";"Business, Management and Accounting; Psychology; Social Sciences"
151;4700152801;"Journal of International Consumer Marketing";journal;"08961530, 15287068";"Routledge";No;No;0,647;Q2;63;43;96;3638;397;96;4,38;84,60;37,84;0;United States;Northern America;"Routledge";"1988-1993, 1995-2026";"Management Information Systems (Q2); Marketing (Q2)";"Business, Management and Accounting"
152;21100331602;"Annals of Leisure Research";journal;"11745398, 21596816";"Routledge";No;No;0,645;Q2;41;55;120;3713;376;105;3,13;67,51;54,55;2;United States;Northern America;"Routledge";"2008-2026";"Cultural Studies (Q1); Geography, Planning and Development (Q2); Social Psychology (Q2); Tourism, Leisure and Hospitality Management (Q2)";"Business, Management and Accounting; Psychology; Social Sciences"
153;4700152735;"Journal of Quality Assurance in Hospitality and Tourism";journal;"1528008X, 15280098";"Routledge";No;No;0,634;Q2;54;182;248;14416;1197;237;4,41;79,21;35,38;0;United States;Northern America;"Routledge";"2000-2026";"Tourism, Leisure and Hospitality Management (Q2)";"Business, Management and Accounting"
154;12075;"Clothing and Textiles Research Journal";journal;"19402473, 0887302X";"SAGE Publications Inc.";No;No;0,625;Q2;52;34;64;1529;196;63;2,73;44,97;67,95;0;United States;Northern America;"SAGE Publications Inc.";"1982-2026";"Business, Management and Accounting (miscellaneous) (Q2); Materials Science (miscellaneous) (Q2); Polymers and Plastics (Q2)";"Business, Management and Accounting; Materials Science"
155;21216;"MIT Sloan Management Review";journal;"15329194";"Massachusetts Institute of Technology";No;No;0,619;Q2;129;45;202;248;269;188;1,02;5,51;33,66;0;United States;Northern America;"Massachusetts Institute of Technology";"2001-2025";"Business and International Management (Q2); Decision Sciences (miscellaneous) (Q2); Management of Technology and Innovation (Q2); Strategy and Management (Q2)";"Business, Management and Accounting; Decision Sciences"
156;15492;"Journal of Organizational and End User Computing";journal;"15465012, 15462234";"IGI Publishing";No;No;0,618;Q2;52;74;208;4114;1008;208;5,24;55,59;37,34;0;United States;Northern America;"IGI Publishing";"1993, 1995, 2004-2026";"Computer Science Applications (Q2); Strategy and Management (Q2); Human-Computer Interaction (Q3)";"Business, Management and Accounting; Computer Science"
157;4400151503;"Federal Reserve Bank of St. Louis Review";journal;"00149187";"Federal Reserve Bank of St.Louis";No;No;0,615;Q2;43;13;47;375;81;47;1,28;28,85;17,86;1;United States;Northern America;"Federal Reserve Bank of St.Louis";"2001-2002, 2005-2025";"Business and International Management (Q2)";"Business, Management and Accounting"
158;144965;"Employee Responsibilities and Rights Journal";journal;"08927545, 15733378";"Springer";No;No;0,600;Q2;42;63;119;3950;416;107;3,09;62,70;43,28;3;United States;Northern America;"Springer";"1988-1998, 2000-2026";"Human Factors and Ergonomics (Q2); Organizational Behavior and Human Resource Management (Q2)";"Business, Management and Accounting; Social Sciences"
159;16509;"Journal of Futures Markets";journal;"10969934, 02707314";"Wiley-Liss Inc.";No;No;0,599;Q2;69;109;249;5897;663;242;2,93;54,10;28,36;1;United States;Northern America;"Wiley-Liss Inc.";"1981-2026";"Accounting (Q2); Business, Management and Accounting (miscellaneous) (Q2); Economics and Econometrics (Q2); Finance (Q2)";"Business, Management and Accounting; Economics, Econometrics and Finance"
160;16800154722;"Advances in Developing Human Resources";journal;"15523055, 15234223";"SAGE Publications Inc.";No;No;0,592;Q2;67;10;54;415;169;42;2,39;41,50;61,54;0;United States;Northern America;"SAGE Publications Inc.";"1999-2026";"Organizational Behavior and Human Resource Management (Q2)";"Business, Management and Accounting"
161;23839;"Journal of Business and Technical Communication";journal;"15524574, 10506519";"SAGE Publications Inc.";No;No;0,581;Q2;50;19;48;999;189;44;3,47;52,58;54,55;0;United States;Northern America;"SAGE Publications Inc.";"1987-2026";"Business and International Management (Q2); Business, Management and Accounting (miscellaneous) (Q2); Communication (Q2)";"Business, Management and Accounting; Social Sciences"
162;21100827834;"Sport Marketing Quarterly";journal;"15572528, 10616934";"Fitness Information Technology";No;No;0,578;Q2;18;12;71;909;153;71;1,85;75,75;22,58;0;United States;Northern America;"Fitness Information Technology";"2002, 2004, 2017-2018, 2020-2025";"Marketing (Q2); Strategy and Management (Q2); Tourism, Leisure and Hospitality Management (Q2)";"Business, Management and Accounting"
163;19700190348;"Coaching";journal;"17521890, 17521882";"Routledge";No;No;0,572;Q2;27;11;51;643;156;48;3,31;58,45;71,05;0;United States;Northern America;"Routledge";"2010-2026";"Developmental and Educational Psychology (Q2); Organizational Behavior and Human Resource Management (Q2); Social Psychology (Q2)";"Business, Management and Accounting; Psychology"
164;12188;"Simulation and Gaming";journal;"1552826X, 10468781";"SAGE Publications Inc.";No;No;0,569;Q2;78;37;132;1553;375;114;2,56;41,97;53,10;0;United States;Northern America;"SAGE Publications Inc.";"1970-1976, 1978-1983, 1985, 1987-2026";"Social Sciences (miscellaneous) (Q1); Business, Management and Accounting (miscellaneous) (Q2); Computer Science Applications (Q2)";"Business, Management and Accounting; Computer Science; Social Sciences"
165;4700152803;"Journal of Business-to-Business Marketing";journal;"15470628, 1051712X";"Routledge";No;No;0,566;Q2;40;38;69;3358;220;69;2,87;88,37;35,04;0;United States;Northern America;"Routledge";"1992-2026";"Management Information Systems (Q2); Marketing (Q2)";"Business, Management and Accounting"
166;20607;"Journal of Food Products Marketing";journal;"15404102, 10454446";"Routledge";No;No;0,564;Q2;48;9;52;480;185;52;3,00;53,33;50,00;0;United States;Northern America;"Routledge";"1992-2025";"Business and International Management (Q2); Food Science (Q2); Marketing (Q2)";"Agricultural and Biological Sciences; Business, Management and Accounting"
167;17423;"Geneva Papers on Risk and Insurance: Issues and Practice";journal;"10185895, 14680440";"Springer Nature";No;No;0,560;Q2;46;36;105;1928;418;98;1,84;53,56;40,00;0;United States;Northern America;"Springer Nature";"1994, 1999-2026";"Accounting (Q2); Business, Management and Accounting (miscellaneous) (Q2); Economics and Econometrics (Q2); Finance (Q2)";"Business, Management and Accounting; Economics, Econometrics and Finance"
168;4700152754;"Journal of Nonprofit and Public Sector Marketing";journal;"15406997, 10495142";"Routledge";No;No;0,548;Q2;44;41;75;3569;238;75;3,62;87,05;46,94;0;United States;Northern America;"Routledge";"1993-2026";"Marketing (Q2)";"Business, Management and Accounting"
169;19700188255;"Journal of Policy Research in Tourism, Leisure and Events";journal;"19407963, 19407971";"Routledge";No;No;0,545;Q2;41;94;112;6352;417;102;3,43;67,57;37,30;3;United States;Northern America;"Routledge";"2009-2026";"Geography, Planning and Development (Q2); Tourism, Leisure and Hospitality Management (Q2)";"Business, Management and Accounting; Social Sciences"
170;27094;"Fiscal Studies";journal;"01435671, 14755890";"Wiley-Blackwell";No;No;0,542;Q2;54;26;85;1111;135;81;1,30;42,73;38,60;3;United States;Northern America;"Wiley-Blackwell";"1979-2026";"Accounting (Q2); Economics and Econometrics (Q2); Finance (Q2)";"Business, Management and Accounting; Economics, Econometrics and Finance"
171;5200152620;"Event Management";journal;"15259951";"Cognizant Communication Corporation";No;No;0,529;Q2;48;69;271;4705;670;271;2,37;68,19;52,51;0;United States;Northern America;"Cognizant Communication Corporation";"2006-2025";"Business and International Management (Q2); Marketing (Q3); Tourism, Leisure and Hospitality Management (Q3)";"Business, Management and Accounting"
172;19900193251;"Journal of International Accounting Research";journal;"15588025, 15426297";"American Accounting Association";No;No;0,526;Q2;34;22;64;1556;128;64;1,98;70,73;31,15;0;United States;Northern America;"American Accounting Association";"2007, 2009-2025";"Accounting (Q2); Business and International Management (Q2)";"Business, Management and Accounting"
173;17300154913;"Performance Improvement Quarterly";journal;"19378327, 08985952";"International Society for Performance Improvement";No;No;0,513;Q2;29;0;14;0;67;12;0,00;0,00;0,00;0;United States;Northern America;"International Society for Performance Improvement";"1988-1995, 2009-2022";"Education (Q2); Organizational Behavior and Human Resource Management (Q2)";"Business, Management and Accounting; Social Sciences"
174;5700153460;"Publishing Research Quarterly";journal;"19364792, 10538801";"Springer US";No;No;0,511;Q2;27;23;90;1159;203;90;1,58;50,39;40,91;1;United States;Northern America;"Springer US";"1991-2025";"Business and International Management (Q2); Communication (Q2); Computer Science Applications (Q2); Management of Technology and Innovation (Q2); Media Technology (Q2); Marketing (Q3)";"Business, Management and Accounting; Computer Science; Engineering; Social Sciences"
175;21100976152;"Journal of Civil Engineering Education";journal;"26439107, 26439115";"American Society of Civil Engineers (ASCE)";No;No;0,505;Q2;55;29;62;1568;191;58;3,00;54,07;54,64;0;United States;Northern America;"American Society of Civil Engineers (ASCE)";"2020-2026";"Civil and Structural Engineering (Q2); Industrial Relations (Q2); Strategy and Management (Q2)";"Business, Management and Accounting; Engineering"
176;5600155048;"Space and Culture";journal;"15528308, 12063312";"SAGE Publications Inc.";No;No;0,503;Q3;53;85;137;3977;288;133;1,94;46,79;59,42;0;United States;Northern America;"SAGE Publications Inc.";"1997-2026";"Arts and Humanities (miscellaneous) (Q1); Cultural Studies (Q1); Geography, Planning and Development (Q2); Urban Studies (Q2); Tourism, Leisure and Hospitality Management (Q3)";"Arts and Humanities; Business, Management and Accounting; Social Sciences"
177;19900193208;"Issues in Accounting Education";journal;"07393172, 15587983";"American Accounting Association";No;No;0,502;Q2;36;44;121;1620;282;112;2,26;36,82;45,24;0;United States;Northern America;"American Accounting Association";"2001, 2009-2026";"Accounting (Q2); Education (Q2)";"Business, Management and Accounting; Social Sciences"
178;30019;"Journal of Organizational Behavior Management";journal;"01608061, 15408604";"Routledge";No;No;0,493;Q2;41;33;66;809;137;34;1,95;24,52;56,67;0;United States;Northern America;"Routledge";"1977-1978, 1980-1985, 1987-1991, 1993-2026";"Management of Technology and Innovation (Q2); Strategy and Management (Q2); Applied Psychology (Q3)";"Business, Management and Accounting; Psychology"
179;17371;"IEEE Transactions on Professional Communication";journal;"15581500, 03611434";"Institute of Electrical and Electronics Engineers Inc.";No;No;0,491;Q2;58;29;91;1485;240;85;1,97;51,21;50,00;0;United States;Northern America;"Institute of Electrical and Electronics Engineers Inc.";"1972-2025";"Linguistics and Language (Q1); Electrical and Electronic Engineering (Q2); Industrial Relations (Q2)";"Business, Management and Accounting; Engineering; Social Sciences"
180;25524;"Social Marketing Quarterly";journal;"15394093, 15245004";"SAGE Publications Inc.";No;No;0,473;Q3;38;25;56;1418;132;48;2,51;56,72;68,52;0;United States;Northern America;"SAGE Publications Inc.";"1994-2026";"Economics and Econometrics (Q2); Marketing (Q3)";"Business, Management and Accounting; Economics, Econometrics and Finance"
181;16525;"Journal of Portfolio Management";journal;"00954918";"Portfolio Management Research";No;No;0,449;Q2;67;122;387;3233;394;368;1,05;26,50;13,67;0;United States;Northern America;"Portfolio Management Research";"1986, 1988-1990, 1995-2026";"Business, Management and Accounting (miscellaneous) (Q2); Finance (Q2); Accounting (Q3); Economics and Econometrics (Q3)";"Business, Management and Accounting; Economics, Econometrics and Finance"
182;91636;"International Food and Agribusiness Management Review";journal;"10967508, 15592448";"Wageningen Academic Publishers";Yes;No;0,446;Q2;53;41;159;2173;315;156;1,85;53,00;41,23;0;United States;Northern America;"Wageningen Academic Publishers";"1998-2025";"Business and International Management (Q2); Food Science (Q2)";"Agricultural and Biological Sciences; Business, Management and Accounting"
183;13088;"International Journal of Applied Ceramic Technology";journal;"1546542X, 17447402";"Wiley-Blackwell";No;No;0,445;Q3;80;388;1006;17226;2801;1000;2,80;44,40;30,96;0;United States;Northern America;"Wiley-Blackwell";"2004-2026";"Ceramics and Composites (Q2); Condensed Matter Physics (Q2); Materials Chemistry (Q2); Marketing (Q3)";"Business, Management and Accounting; Materials Science; Physics and Astronomy"
184;23588;"Journal of Real Estate Research";journal;"26911175, 08965803";"Taylor and Francis Ltd.";No;No;0,442;Q2;41;35;64;1846;103;63;1,56;52,74;21,95;1;United States;Northern America;"Taylor and Francis Ltd.";"1990, 1992, 1995, 1998, 2001, 2003-2026";"Business, Management and Accounting (miscellaneous) (Q2); Economics, Econometrics and Finance (miscellaneous) (Q2); Finance (Q2); Urban Studies (Q2)";"Business, Management and Accounting; Economics, Econometrics and Finance; Social Sciences"
185;145201;"Journal of Industry, Competition and Trade";journal;"15661679, 15737012";"Springer";No;No;0,434;Q2;33;25;58;1078;107;58;2,43;43,12;24,00;1;United States;Northern America;"Springer";"2004-2026";"Industrial Relations (Q2); Economics and Econometrics (Q3)";"Business, Management and Accounting; Economics, Econometrics and Finance"
186;4900152206;"Data Base for Advances in Information Systems";journal;"23311622, 15320936";"Association for Computing Machinery";No;No;0,433;Q2;73;23;73;1955;169;72;2,38;85,00;33,33;0;United States;Northern America;"Association for Computing Machinery";"1969-2026";"Computer Networks and Communications (Q2); Management Information Systems (Q2)";"Business, Management and Accounting; Computer Science"
187;4000152110;"Advances in Accounting";journal;"10465715, 08826110";"Emerald Publishing";No;No;0,431;Q3;49;48;89;3384;169;82;1,63;70,50;38,14;0;United States;Northern America;"Emerald Publishing";"2000-2003, 2005-2026";"Finance (Q2); Accounting (Q3)";"Business, Management and Accounting; Economics, Econometrics and Finance"
188;4700152721;"Journal of Teaching in Travel and Tourism";journal;"15313239, 15313220";"Routledge";No;No;0,431;Q3;37;30;79;1577;254;74;3,94;52,57;51,61;0;United States;Northern America;"Routledge";"2001-2026";"Education (Q2); Tourism, Leisure and Hospitality Management (Q3)";"Business, Management and Accounting; Social Sciences"
189;19700166619;"Journal of Neuroscience, Psychology, and Economics";journal;"1937321X, 2151318X";"American Psychological Association";No;No;0,430;Q2;33;8;42;396;79;42;1,76;49,50;42,11;0;United States;Northern America;"American Psychological Association";"2008-2025";"Business, Management and Accounting (miscellaneous) (Q2); Economics, Econometrics and Finance (miscellaneous) (Q2); Applied Psychology (Q3); Cognitive Neuroscience (Q3); Experimental and Cognitive Psychology (Q3); Neuropsychology and Physiological Psychology (Q3); Behavioral Neuroscience (Q4)";"Business, Management and Accounting; Economics, Econometrics and Finance; Neuroscience; Psychology"
190;21385;"Canadian Journal of Administrative Sciences";journal;"19364490, 08250383";"Wiley-Blackwell";No;No;0,395;Q3;65;45;103;4014;167;95;1,55;89,20;37,70;0;United States;Northern America;"Wiley-Blackwell";"1984-1990, 1992, 1996-2026";"Public Administration (Q2); Business and International Management (Q3); Management of Technology and Innovation (Q3); Marketing (Q3)";"Business, Management and Accounting; Social Sciences"
191;130090;"Journal of Electronic Commerce in Organizations";journal;"15392937, 15392929";"IGI Global";No;No;0,392;Q3;31;6;31;347;77;31;1,25;57,83;53,33;0;United States;Northern America;"IGI Global";"2003-2026";"Computer Networks and Communications (Q3); Computer Science Applications (Q3); Marketing (Q3); Strategy and Management (Q3)";"Business, Management and Accounting; Computer Science"
192;4700152833;"Journal of Convention and Event Tourism";journal;"15470148, 15470156";"Routledge";No;No;0,389;Q3;40;20;68;941;142;64;1,89;47,05;51,43;0;United States;Northern America;"Routledge";"2005-2026";"Tourism, Leisure and Hospitality Management (Q3)";"Business, Management and Accounting"
193;12000154350;"International Journal of Knowledge Management";journal;"15480666, 15480658";"IGI Publishing";No;No;0,372;Q2;34;78;60;3671;169;60;2,22;47,06;50,00;0;United States;Northern America;"IGI Publishing";"2005-2026";"Management Information Systems (Q2); Computer Science Applications (Q3); Management of Technology and Innovation (Q3)";"Business, Management and Accounting; Computer Science"
194;15457;"Journal of Employment Counseling";journal;"21611920, 00220787";"Wiley-Blackwell";No;No;0,364;Q3;38;17;50;1352;70;50;1,41;79,53;58,54;0;United States;Northern America;"Wiley-Blackwell";"1964-2026";"Applied Psychology (Q3); Organizational Behavior and Human Resource Management (Q3); Psychology (miscellaneous) (Q3)";"Business, Management and Accounting; Psychology"
195;6000152910;"Journal of Arts Management Law and Society";journal;"10632921, 19307799";"Taylor and Francis Ltd.";No;No;0,359;Q3;29;45;61;2183;102;59;2,07;48,51;51,85;1;United States;Northern America;"Taylor and Francis Ltd.";"1992-2026";"Visual Arts and Performing Arts (Q1); Law (Q2); Strategy and Management (Q3)";"Arts and Humanities; Business, Management and Accounting; Social Sciences"
196;4700152789;"Collection Management";journal;"01462679, 15452549";"Routledge";No;No;0,356;Q3;24;13;59;324;54;55;0,94;24,92;65,22;0;United States;Northern America;"Routledge";"1976, 1978-1979, 1981-1999, 2001-2025";"Library and Information Sciences (Q2); Strategy and Management (Q3)";"Business, Management and Accounting; Social Sciences"
197;22336;"Harvard Business Review";journal;"00178012";"Harvard Business School Publishing";No;No;0,356;Q3;221;46;294;0;359;177;1,22;0,00;15,09;0;United States;Northern America;"Harvard Business School Publishing";"1974, 1978-1987, 1989-2025";"Business and International Management (Q3); Business, Management and Accounting (miscellaneous) (Q3); Economics and Econometrics (Q3); Management of Technology and Innovation (Q3); Medicine (miscellaneous) (Q3); Strategy and Management (Q3)";"Business, Management and Accounting; Economics, Econometrics and Finance; Medicine"
198;12900154727;"Journal of Industrial and Management Optimization";journal;"15475816, 1553166X";"American Institute of Mathematical Sciences";Yes;No;0,347;Q3;46;300;772;12210;1341;772;1,93;40,70;38,87;0;United States;Northern America;"American Institute of Mathematical Sciences";"2007-2025";"Applied Mathematics (Q3); Business and International Management (Q3); Control and Optimization (Q3); Strategy and Management (Q3)";"Business, Management and Accounting; Mathematics"
199;23656;"Systemic Practice and Action Research";journal;"1094429X, 15739295";"Springer New York";No;No;0,345;Q3;45;40;139;2440;273;139;2,01;61,00;38,95;0;United States;Northern America;"Springer New York";"1996, 1998-2026";"Management of Technology and Innovation (Q3); Strategy and Management (Q3)";"Business, Management and Accounting"
200;4800152317;"Financial Markets and Portfolio Management";journal;"19344554, 23738529";"Springer New York";No;No;0,343;Q3;31;28;51;1199;109;48;2,29;42,82;15,25;0;United States;Northern America;"Springer New York";"2006-2026";"Accounting (Q3); Finance (Q3)";"Business, Management and Accounting; Economics, Econometrics and Finance"
201;12100154806;"International Journal of e-Business Research";journal;"1548114X, 15481131";"IGI Publishing";No;No;0,343;Q3;34;4;42;249;143;41;3,55;62,25;25,00;0;United States;Northern America;"IGI Publishing";"2005-2025";"Computer Science Applications (Q3); Management Information Systems (Q3)";"Business, Management and Accounting; Computer Science"
202;21100791289;"Sport Management Education Journal";journal;"21632367, 19386974";"Human Kinetics Publishers Inc.";No;No;0,341;Q3;17;15;64;802;85;62;1,17;53,47;48,72;0;United States;Northern America;"Human Kinetics Publishers Inc.";"2011, 2016-2025";"Education (Q3); Strategy and Management (Q3); Tourism, Leisure and Hospitality Management (Q3)";"Business, Management and Accounting; Social Sciences"
203;21100211736;"Tourism Analysis";journal;"10835423, 19433999";"Cognizant Communication Corporation";No;No;0,337;Q3;51;32;124;2426;219;124;1,83;75,81;33,75;0;United States;Northern America;"Cognizant Communication Corporation";"2001-2025";"Tourism, Leisure and Hospitality Management (Q3)";"Business, Management and Accounting"
204;26918;"Negotiation Journal";journal;"15719979, 07484526";"MIT Press";No;No;0,328;Q3;42;18;62;587;74;48;1,48;32,61;45,00;0;United States;Northern America;"MIT Press";"1985-2025";"Social Sciences (miscellaneous) (Q2); Management of Technology and Innovation (Q3); Strategy and Management (Q3)";"Business, Management and Accounting; Social Sciences"
205;21101021142;"Journal of Sport for Development";journal;"23300574";"Journal of Sport for Development";No;No;0,325;Q3;10;4;32;256;54;28;1,26;64,00;47,83;0;United States;Northern America;"Journal of Sport for Development";"2019-2025";"Sociology and Political Science (Q2); Development (Q3); Tourism, Leisure and Hospitality Management (Q3)";"Business, Management and Accounting; Social Sciences"
206;21100920051;"Journal of Research Administration";journal;"25737104, 15391590";"Society of Research Administrators International";No;No;0,323;Q3;7;17;45;429;47;40;0,61;25,24;58,00;0;United States;Northern America;"Society of Research Administrators International";"2019-2025";"Education (Q3); Strategy and Management (Q3)";"Business, Management and Accounting; Social Sciences"
207;19900193667;"Current Issues in Auditing";journal;"19361270";"American Accounting Association";No;No;0,322;Q3;22;17;50;438;59;41;1,06;25,76;53,85;0;United States;Northern America;"American Accounting Association";"2009-2025";"Accounting (Q3)";"Business, Management and Accounting"
208;21100886539;"Tourism Review International";journal;"15442721, 19434421";"Cognizant Communication Corporation";No;No;0,322;Q3;21;15;61;1246;119;61;1,82;83,07;44,74;0;United States;Northern America;"Cognizant Communication Corporation";"2016-2025";"Tourism, Leisure and Hospitality Management (Q3)";"Business, Management and Accounting"
209;21100853526;"ACM Transactions on Economics and Computation";journal;"21678375, 21678383";"Association for Computing Machinery";No;No;0,316;Q3;27;17;41;759;48;39;1,19;44,65;21,05;0;United States;Northern America;"Association for Computing Machinery";"2013-2025";"Computational Mathematics (Q3); Computer Science (miscellaneous) (Q3); Economics and Econometrics (Q3); Marketing (Q3); Statistics and Probability (Q3)";"Business, Management and Accounting; Computer Science; Economics, Econometrics and Finance; Mathematics"
210;21100874338;"Journal of Public and Nonprofit Affairs";journal;"23813717";"Midwest Public Affairs Conference";Yes;Yes;0,311;Q3;15;12;58;695;74;54;0,94;57,92;44,44;0;United States;Northern America;"Midwest Public Affairs Conference";"2015-2025";"Economics, Econometrics and Finance (miscellaneous) (Q2); Sociology and Political Science (Q2); Business and International Management (Q3); Organizational Behavior and Human Resource Management (Q3); Public Administration (Q3)";"Business, Management and Accounting; Economics, Econometrics and Finance; Social Sciences"
211;4700152296;"Journal of Teaching in International Business";journal;"08975930, 15286991";"Routledge";No;No;0,310;Q3;30;15;32;585;57;26;1,47;39,00;68,00;0;United States;Northern America;"Routledge";"1989-2025";"Business, Management and Accounting (miscellaneous) (Q3); Education (Q3)";"Business, Management and Accounting; Social Sciences"
212;21100223336;"International Journal of Human Capital and Information Technology Professionals";journal;"19473486, 19473478";"IGI Publishing";No;No;0,308;Q3;19;7;30;500;70;30;0,33;71,43;46,15;0;United States;Northern America;"IGI Publishing";"2010-2025";"Computer Science (miscellaneous) (Q3); Management of Technology and Innovation (Q3)";"Business, Management and Accounting; Computer Science"
213;5800169158;"Public Works Management and Policy";journal;"1087724X, 15527549";"SAGE Publications Inc.";No;No;0,308;Q3;33;25;79;1479;123;59;1,53;59,16;30,61;0;United States;Northern America;"SAGE Publications Inc.";"1996-2026";"Sociology and Political Science (Q2); Business, Management and Accounting (miscellaneous) (Q3); Public Administration (Q3)";"Business, Management and Accounting; Social Sciences"
214;28972;"Journal of East-West Business";journal;"10669868, 15286959";"Routledge";No;No;0,287;Q3;24;21;52;1830;88;52;1,63;87,14;45,83;0;United States;Northern America;"Routledge";"1994-2026";"Business and International Management (Q3); Development (Q3); Geography, Planning and Development (Q3)";"Business, Management and Accounting; Social Sciences"
215;21100812137;"New Space";journal;"21680264, 21680256";"Mary Ann Liebert Inc.";No;No;0,286;Q3;20;23;85;728;98;72;1,09;31,65;36,84;0;United States;Northern America;"Mary Ann Liebert Inc.";"2013-2026";"Aerospace Engineering (Q3); Astronomy and Astrophysics (Q3); Energy Engineering and Power Technology (Q3); Safety, Risk, Reliability and Quality (Q3); Tourism, Leisure and Hospitality Management (Q3)";"Business, Management and Accounting; Energy; Engineering; Physics and Astronomy"
216;20247;"Journal of Labor Research";journal;"01953613, 19364768";"Springer New York";No;No;0,273;Q3;43;7;41;381;40;41;0,79;54,43;8,33;0;United States;Northern America;"Springer New York";"1980-2026";"Management of Technology and Innovation (Q3); Organizational Behavior and Human Resource Management (Q3); Strategy and Management (Q3)";"Business, Management and Accounting"
217;5100155098;"Tourism, Culture and Communication";journal;"1098304X";"Cognizant Communication Corporation";No;No;0,264;Q3;24;30;78;2089;112;78;1,52;69,63;43,33;0;United States;Northern America;"Cognizant Communication Corporation";"2006-2025";"Cultural Studies (Q1); Communication (Q3); Geography, Planning and Development (Q3); Tourism, Leisure and Hospitality Management (Q3)";"Business, Management and Accounting; Social Sciences"
218;12100154510;"International Journal of Enterprise Information Systems";journal;"15481115, 15481123";"IGI Publishing";No;No;0,260;Q3;32;2;6;112;15;6;2,50;56,00;33,33;0;United States;Northern America;"IGI Publishing";"2005-2023, 2025-2026";"Computer Science Applications (Q3); Information Systems and Management (Q3); Management Information Systems (Q3)";"Business, Management and Accounting; Computer Science; Decision Sciences"
219;21100388306;"Accounting Historians Journal";journal;"01484184, 23274468";"American Accounting Association";No;No;0,256;Q3;29;18;55;1351;33;49;0,62;75,06;38,46;0;United States;Northern America;"American Accounting Association";"1974-2025";"History (Q1); Accounting (Q3)";"Arts and Humanities; Business, Management and Accounting"
220;19700175100;"American Health and Drug Benefits";journal;"19422962, 19422970";"Engage Healthcare Communications, Inc.";Yes;No;0,253;Q3;42;0;23;0;14;12;0,10;0,00;0,00;0;United States;Northern America;"Engage Healthcare Communications, Inc.";"2009-2024";"Health Policy (Q3); Strategy and Management (Q3)";"Business, Management and Accounting; Medicine"
221;21100198470;"International Journal of Information Systems and Supply Chain Management";journal;"19355726, 19355734";"IGI Global Publishing";No;No;0,253;Q3;21;22;72;1032;147;72;2,08;46,91;40,91;0;United States;Northern America;"IGI Global Publishing";"2008-2026";"Information Systems (Q3); Management Information Systems (Q3)";"Business, Management and Accounting; Computer Science"
222;12100156732;"International Journal of Business Data Communications and Networking";journal;"15480631, 1548064X";"IGI Publishing";No;No;0,248;Q3;16;1;13;30;36;13;2,67;30,00;100,00;0;United States;Northern America;"IGI Publishing";"2005-2022, 2024-2025";"Computer Networks and Communications (Q3); Management Information Systems (Q3)";"Business, Management and Accounting; Computer Science"
223;88934;"Journal of Cases on Information Technology";journal;"15487717, 15487725";"IGI Publishing";No;No;0,246;Q3;24;64;90;1987;142;90;2,02;31,05;49,59;0;United States;Northern America;"IGI Publishing";"2005-2026";"Information Systems (Q3); Information Systems and Management (Q3); Strategy and Management (Q3); Computer Science Applications (Q4)";"Business, Management and Accounting; Computer Science; Decision Sciences"
224;21101018306;"Journal of Investing";journal;"21688613, 10680896";"Portfolio Management Research";No;No;0,231;Q3;11;48;161;1168;75;139;0,49;24,33;20,25;0;United States;Northern America;"Portfolio Management Research";"1992, 1996-1997, 1999-2000, 2003, 2008, 2013, 2018-2025";"Finance (Q3); Strategy and Management (Q3); Management of Technology and Innovation (Q4)";"Business, Management and Accounting; Economics, Econometrics and Finance"
225;21100860389;"International Journal of Information Technology Project Management";journal;"19380232, 19380240";"IGI Global Publishing";No;No;0,227;Q3;13;4;39;202;49;37;1,89;50,50;33,33;0;United States;Northern America;"IGI Global Publishing";"2017-2026";"Communication (Q3); Information Systems and Management (Q3); Management Information Systems (Q3); Management of Technology and Innovation (Q4); Organizational Behavior and Human Resource Management (Q4); Strategy and Management (Q4)";"Business, Management and Accounting; Decision Sciences; Social Sciences"
226;21100823283;"International Journal of Asian Business and Information Management";journal;"19479638, 19479646";"IGI Global Publishing";No;No;0,225;Q4;18;30;71;1722;122;71;1,10;57,40;49,37;0;United States;Northern America;"IGI Global Publishing";"2017-2026";"Cultural Studies (Q2); Business and International Management (Q4); Computer Science Applications (Q4); Management of Technology and Innovation (Q4); Strategy and Management (Q4)";"Business, Management and Accounting; Computer Science; Social Sciences"
227;21100927990;"Economics of Peace and Security Journal";journal;"1749852X";"EPS Publishing";No;No;0,222;Q4;6;7;23;311;13;22;0,56;44,43;50,00;0;United States;Northern America;"EPS Publishing";"2019-2025";"Economics, Econometrics and Finance (miscellaneous) (Q3); Political Science and International Relations (Q3); Management of Technology and Innovation (Q4)";"Business, Management and Accounting; Economics, Econometrics and Finance; Social Sciences"
228;21100255510;"Negotiation and Conflict Management Research";journal;"17504716, 17504708";"";No;No;0,222;Q4;24;15;42;1427;41;42;0,85;95,13;41,86;0;United States;Northern America;"";"2009, 2011-2026";"Communication (Q3); Strategy and Management (Q4)";"Business, Management and Accounting; Social Sciences"
229;19470;"Information Resources Management Journal";journal;"15337979, 10401628";"IGI Publishing";No;No;0,219;Q4;49;39;46;1511;66;46;0,93;38,74;52,31;0;United States;Northern America;"IGI Publishing";"1988-2026";"Library and Information Sciences (Q3); Business and International Management (Q4); Strategy and Management (Q4)";"Business, Management and Accounting; Social Sciences"
230;21100858510;"International Journal of Business Analytics";journal;"23344555, 23344547";"IGI Global Publishing";No;No;0,208;Q4;14;8;21;341;41;20;1,67;42,63;27,78;0;United States;Northern America;"IGI Global Publishing";"2014-2025";"Business and International Management (Q4); Strategy and Management (Q4)";"Business, Management and Accounting"
231;21100787105;"Journal of Environmental Accounting and Management";journal;"23256206, 23256192";"L and H Scientific Publishing, LLC";No;No;0,207;Q4;18;24;88;1158;74;88;0,79;48,25;30,43;0;United States;Northern America;"L and H Scientific Publishing, LLC";"2013-2025";"Urban Studies (Q3); Accounting (Q4); Ecological Modeling (Q4); Ecology (Q4); Management, Monitoring, Policy and Law (Q4); Strategy and Management (Q4)";"Business, Management and Accounting; Environmental Science; Social Sciences"
232;21100945159;"Journal of Law, Finance, and Accounting";journal;"23805013, 23805005";"Now Publishers Inc";No;No;0,203;Q4;11;0;13;0;8;13;0,56;0,00;0,00;0;United States;Northern America;"Now Publishers Inc";"2016-2024";"Law (Q3); Accounting (Q4); Finance (Q4)";"Business, Management and Accounting; Economics, Econometrics and Finance; Social Sciences"
233;21100266730;"International Journal of Information Systems in the Service Sector";journal;"19355688, 19355696";"IGI Global Publishing";No;No;0,188;Q4;17;9;48;275;49;48;0,33;30,56;47,37;0;United States;Northern America;"IGI Global Publishing";"2009-2026";"Information Systems and Management (Q3); Information Systems (Q4); Management Information Systems (Q4); Management Science and Operations Research (Q4); Strategy and Management (Q4)";"Business, Management and Accounting; Computer Science; Decision Sciences"
234;21100863713;"International Journal of Knowledge and Systems Science";journal;"19478216, 19478208";"IGI Global Publishing";No;No;0,187;Q4;12;8;32;347;30;32;0,95;43,38;26,32;0;United States;Northern America;"IGI Global Publishing";"2017-2026";"Information Systems and Management (Q3); Artificial Intelligence (Q4); Information Systems (Q4); Management of Technology and Innovation (Q4); Organizational Behavior and Human Resource Management (Q4); Strategy and Management (Q4)";"Business, Management and Accounting; Computer Science; Decision Sciences"
235;21100223332;"International Journal of Information System Modeling and Design";journal;"19478186, 19478194";"IGI Publishing";No;No;0,185;Q4;20;35;41;1314;52;41;1,11;37,54;56,94;0;United States;Northern America;"IGI Publishing";"2010-2026";"Information Systems (Q4); Management of Technology and Innovation (Q4)";"Business, Management and Accounting; Computer Science"
236;22290;"Business and Professional Ethics Journal";journal;"21537828, 02772027";"Philosophy Documentation Center";No;No;0,169;Q4;7;5;53;373;29;50;0,59;74,60;12,50;0;United States;Northern America;"Philosophy Documentation Center";"1979, 1985, 1990-1993, 1996, 1998-1999, 2001, 2012, 2018-2025";"Philosophy (Q2); Business and International Management (Q4); Economics and Econometrics (Q4)";"Arts and Humanities; Business, Management and Accounting; Economics, Econometrics and Finance"
237;21100429175;"Northwestern Journal of International Law and Business";journal;"01963228";"Northwestern University School of Law";No;No;0,156;Q4;11;4;34;139;17;27;0,48;34,75;25,00;0;United States;Northern America;"Northwestern University School of Law";"2015-2025";"Law (Q3); Business and International Management (Q4); Strategy and Management (Q4)";"Business, Management and Accounting; Social Sciences"
238;21101026989;"International Real Estate Review";journal;"21548919";"Global Social Science Institute";No;No;0,139;Q4;20;11;63;460;22;61;0,24;41,82;33,33;0;United States;Northern America;"Global Social Science Institute";"1998-2025";"Accounting (Q4); Demography (Q4); Economics and Econometrics (Q4); Finance (Q4); Geography, Planning and Development (Q4); Urban Studies (Q4)";"Business, Management and Accounting; Economics, Econometrics and Finance; Social Sciences"
239;21100931308;"Labor: Studies in Working-Class History";journal;"15581454, 15476715";"Duke University Press";No;No;0,129;Q4;7;32;104;1354;18;89;0,18;42,31;33,33;0;United States;Northern America;"Duke University Press";"2017, 2019-2025";"History (Q3); Industrial Relations (Q4); Sociology and Political Science (Q4)";"Arts and Humanities; Business, Management and Accounting; Social Sciences"
240;21100238636;"ATA Journal of Legal Tax Research";journal;"1543866X";"American Accounting Association";No;No;0,124;Q4;4;8;11;281;6;11;0,57;35,13;26,67;0;United States;Northern America;"American Accounting Association";"2011-2016, 2018-2025";"Accounting (Q4); Finance (Q4); Law (Q4)";"Business, Management and Accounting; Economics, Econometrics and Finance; Social Sciences"
241;19700182809;"Journal of Private Enterprise";journal;"0890913X";"Fayetteville State University";No;No;0,121;Q4;14;14;54;553;12;53;0,18;39,50;12,50;0;United States;Northern America;"Fayetteville State University";"2008-2025";"Business, Management and Accounting (miscellaneous) (Q4); Economics, Econometrics and Finance (miscellaneous) (Q4)";"Business, Management and Accounting; Economics, Econometrics and Finance"
